customer_id,name,email,phone,loyalty_tier,created_at
CUST-000231,Jonathan Jimenez,susansmith@example.com,9973339776,silver,2025-06-12
CUST-000059,Stephen Luna,amitchell@example.org,001-965-606-0983x58416,gold,2026-02-12
CUST-000250,Vanessa Taylor,wongdouglas@example.com,(867)996-9278,bronze,2024-10-18
CUST-000414,Caleb Rodriguez,mgray@example.org,+1-561-651-5542,silver,2023-09-03
CUST-000100,Jennifer Vasquez,lisamaynard@example.net,001-677-421-9034x043,bronze,2025-12-25
CUST-000645,Robert Maxwell,sanchezgregory@example.org,700-359-1297,platinum,2025-06-24
CUST-000129,Michelle Williams,jason15@example.com,562.467.6586x179,,2024-12-30
CUST-000854,Victoria Keller,johnsparks@example.org,406.429.3288x0983,bronze,2024-01-03
CUST-000304,Austin Solis,robbinsbelinda@example.net,863.651.4846x8536,platinum,2025-07-08
CUST-000922,Julie Craig,whitemichael@example.org,(743)615-9489x89596,gold,2024-11-19
CUST-000271,Oscar Kane,jerry15@example.org,(831)779-7062x3972,gold,2024-01-20
CUST-000942,Shawn Figueroa,raywalters@example.org,(834)327-7752x25920,platinum,2026-04-19
CUST-000159,Matthew Obrien,heatherthompson@example.org,686-769-3465x47226,silver,2025-10-11
CUST-000610,Annette Knapp,robinsonhenry@example.net,2747555347,bronze,2025-01-06
CUST-000257,Morgan Chapman,destiny67@example.net,285.825.8001,bronze,2023-12-08
CUST-000871,David Gallagher,mcdonaldkenneth@example.net,852.268.0648,platinum,2025-11-17
CUST-000969,George Williams,tracy91@example.com,+1-705-549-1477x4473,gold,2024-09-17
CUST-000819,Julie Gonzalez,oneilldaniel@example.com,3672130735,platinum,2026-01-30
CUST-000263,Jessica Lopez,mccoymichael@example.org,6309937618,silver,2025-03-30
CUST-000295,Joseph Simpson,urodriguez@example.org,(648)901-5716x479,bronze,2024-04-27
CUST-000139,Isaac Gonzalez,marywright@example.com,(978)761-0357x972,bronze,2024-09-03
CUST-000300,Katherine Spencer,larryprice@example.org,+1-697-978-2806,platinum,2025-06-01
CUST-000703,Danielle Thomas,nicole72@example.com,+1-914-250-5766x1945,platinum,2026-06-11
CUST-000891,Amanda Frank,heathergarcia@example.com,(581)265-0646,silver,2025-09-08
CUST-000722,Joshua Gonzalez,saraprice@example.net,+1-461-853-7012x42446,bronze,2024-04-03
CUST-000909,Kristen Stevens,teresa76@example.org,326.497.1823x60107,silver,2024-10-31
CUST-000313,Curtis Torres,crystalgibbs@example.org,001-711-923-8296,silver,2025-01-28
CUST-000019,Heather Fields,swall@example.org,+1-642-710-4709x521,platinum,2025-11-19
CUST-000528,Amber West,adamsjessica@example.com,492.283.1995,platinum,2026-06-29
CUST-000623,Kimberly Price,wendymora@example.com,218.715.3523x736,,2023-10-27
CUST-000161,Derek Floyd,johnsondustin@example.net,542-804-3805x7198,bronze,2024-05-10
CUST-000612,Scott Washington,wfowler@example.com,475-822-5013x94884,bronze,2025-07-01
CUST-000372,Patricia Bruce,james54@example.com,892.884.0445,platinum,2026-02-08
CUST-000391,Karen Cook,storres@example.com,001-873-723-0085x766,platinum,2024-10-17
CUST-000594,Jennifer Mathews,duffyallen@example.com,(754)216-4316x704,gold,2024-01-25
CUST-000348,William Weaver,heathlogan@example.com,222-241-2462x0952,platinum,2024-07-15
CUST-000428,Bianca Ward,davisalexander@example.net,(498)395-3439x611,platinum,2023-10-07
CUST-000472,Paul Ross,gallegosrobert@example.com,+1-357-790-6477,silver,2026-06-15
CUST-000148,Jonathan Martinez,jessicaanderson@example.net,001-306-848-9090x100,bronze,2024-12-22
CUST-000409,Robert Smith,corybrown@example.net,+1-588-371-8981,platinum,2024-03-08
CUST-000894,Holly Grant,sheilabarnes@example.org,(866)770-6362x198,,2024-09-23
CUST-000149,Michael Smith,kelleythomas@example.org,(318)949-9261x89141,silver,2024-03-28
CUST-000561,Stephanie Randolph,michael79@example.org,797.601.5502x91681,platinum,2024-11-28
CUST-000935,Christopher Martin,stephen90@example.org,(940)350-7648,,2026-02-19
CUST-000030,Maria Johnson,lindsaybruce@example.net,+1-440-224-4550x22961,silver,2023-12-02
CUST-000834,Nicole Hardy,davischarles@example.org,(492)536-1337x605,platinum,2023-10-10
CUST-000660,Jason Potter,christopherward@example.com,368.608.6628x1372,,2024-04-28
CUST-000395,Jason Roberts,esmith@example.net,(422)552-2372x81793,silver,2023-10-27
CUST-000870,Vanessa Harris,chunglaura@example.net,881-531-0450x2589,platinum,2025-09-11
CUST-000845,Shannon Thompson,folson@example.net,+1-457-304-7264x261,gold,2026-05-26
CUST-000436,Rhonda Morrison,hgarcia@example.org,(260)310-0231x4290,silver,2025-04-08
CUST-000502,Lisa Miller,reedchad@example.com,+1-572-740-1078,silver,2024-12-08
CUST-000815,Kyle Brown,timothygrant@example.com,001-716-769-0632x2481,gold,2024-06-04
CUST-000596,Tim Buchanan,judypatrick_at_example.org,2732465495,gold,2024-08-21
CUST-000965,Todd Gray,stephanie86@example.com,001-421-355-9967x25622,silver,2025-06-20
CUST-000925,Kim Townsend,ncummings@example.net,994.213.2109x72021,silver,2025-01-29
CUST-000532,Donald Harris,kristen68@example.net,697-564-6136x847,gold,2024-10-15
CUST-000636,Maurice Anderson,dfarley@example.com,533.833.9395x78654,platinum,2024-01-25
CUST-000183,Daniel Brock,lanedavid_at_example.org,(851)526-9448x69594,gold,2024-11-18
CUST-000033,Adam Burgess,katrinaduran@example.com,(826)283-8851,bronze,2024-12-13
CUST-000189,Crystal Stewart,reyeskristina@example.org,(488)904-3416x518,bronze,2024-08-01
CUST-000186,Tara Holmes,daniellegonzales@example.org,709.588.3920,gold,2025-08-10
CUST-000798,Kevin Carney,kevin88@example.net,427.736.7746x2025,silver,2024-07-04
CUST-000772,Chase Matthews,kingjames@example.com,001-848-840-0273x00869,platinum,2023-10-31
CUST-000350,Mark Mcintyre,steven61@example.com,8489913824,gold,2023-11-23
CUST-000241,Donald Flores,danielle35@example.org,514.722.4109x881,,2025-04-16
CUST-000655,Janet Hernandez,uzamora@example.net,218-977-9417x63425,bronze,2024-05-20
CUST-000385,Robert Santos,alexander37@example.org,(601)336-4971x892,gold,2025-06-10
CUST-000692,Alicia Martin,lindabryan@example.org,001-594-971-1363,silver,2025-06-21
CUST-000143,Wendy Cabrera,vsullivan@example.org,638-475-8428x24172,bronze,2026-06-25
CUST-000873,Jerry Rogers,tmcintosh@example.org,256-723-9209,platinum,2026-05-08
CUST-000384,Mark Weber,perrydaniel@example.com,+1-466-213-3155,bronze,2024-11-06
CUST-000111,Lori Mason,livingstonstacy@example.com,(466)718-8924x14183,platinum,2024-10-24
CUST-000040,Katie Smith,lisa81@example.net,223-757-3322x1418,,2026-04-09
CUST-000701,Scott Martinez,hwalton@example.com,8318954196,,2024-07-16
CUST-000101,Reginald Morrow,hdunn@example.net,(680)778-3613x407,platinum,2026-03-25
CUST-000462,Adam Carrillo,stacyharris@example.org,(909)781-9602,silver,2024-03-15
CUST-000895,Vincent Myers,bianca44@example.net,649.833.9650,silver,2024-02-23
CUST-000043,Anna Lozano,joshuawhitehead@example.org,550.260.6853x615,platinum,2024-08-06
CUST-000742,Stacy Garcia,amber07@example.org,293.694.0655x78201,silver,2024-03-21
CUST-000750,Jonathon Mcdonald,walter05@example.com,3907043655,platinum,2025-10-24
CUST-000717,Rachel Huffman,perry77@example.net,925.765.9202x461,gold,2024-02-02
CUST-000963,Cheryl Gonzales,paul18@example.com,+1-346-979-0870,bronze,2024-02-17
CUST-000493,Kevin Richardson,thomasroberts@example.net,866-217-6620x471,bronze,2025-05-20
CUST-000626,Kevin Mccullough,rosebobby@example.org,+1-525-708-0046,platinum,2026-07-14
CUST-000113,Patricia Johnson,karamarks@example.net,(448)714-9177x85079,gold,2024-02-12
CUST-000487,John Gomez,ryanhull@example.com,+1-466-561-4494x29659,,2024-05-23
CUST-000072,Ann Dixon,nwilson@example.net,9726867908,bronze,2025-10-23
CUST-000952,Shannon Thompson,dmartin@example.com,+1-338-796-3376,platinum,2025-07-19
CUST-000980,Kim Farrell,kristinmiller@example.org,342.355.1360x9085,platinum,2023-10-09
CUST-000617,Kristin Brown,kbrown@example.org,(872)415-1494x097,,2026-08-07
CUST-000708,Kelsey Contreras,barbara85@example.net,001-698-949-3306x745,bronze,2026-07-24
CUST-000649,Sabrina Miller,snyderraven@example.org,001-970-715-9591x94575,silver,2025-02-21
CUST-000785,Jessica Kelly,wrivers@example.org,(438)267-6738,bronze,2026-06-11
CUST-000943,Jacob Hardy,amy29@example.org,(229)441-1563,,2025-06-01
CUST-000082,Michael Smith,duranrobert@example.net,275.609.9770x08860,platinum,2025-04-01
CUST-000608,Karla Willis,tonya10@example.org,896.841.7899,silver,2023-10-09
CUST-000880,James Gonzales,jhahn@example.org,703-578-4233x944,gold,2023-09-15
CUST-000575,Darren Rosales,dwaynecarter@example.com,001-842-990-4588,,2025-07-01
CUST-000092,Kimberly Maldonado,kdiaz@example.org,+1-407-637-4167,silver,2024-05-15
CUST-000297,Ryan Hardy,matthewlarson@example.com,499-946-5796x784,,2023-12-20
CUST-000908,Luis English,danielletownsend@example.com,+1-892-804-5735x323,bronze,2023-11-27
CUST-000970,Monique Rodriguez,kennethrusso@example.net,215.794.9734x493,silver,2024-05-03
CUST-000710,Marcus Fry,tknight@example.org,+1-615-506-6626x70551,platinum,2025-02-06
CUST-000091,Frank Valentine,pochoa@example.net,575.726.5479,gold,2024-10-08
CUST-000544,Katherine Wells,roysara@example.net,+1-281-905-0922x2161,silver,2025-07-22
CUST-000005,Vincent King,andrewstaylor@example.com,511.367.1902x2941,platinum,2025-04-26
CUST-000713,Lisa Underwood MD,mark09@example.org,(367)614-9498,silver,2024-01-22
CUST-000637,Curtis Morgan,danielsshaun@example.net,(468)662-7036,platinum,2026-08-05
CUST-000447,Brandon Parker,elliottkristy@example.org,(346)483-5652x156,bronze,2023-09-18
CUST-000449,Daniel Bishop,twilliams@example.net,329-971-0248,silver,2023-12-05
CUST-000615,Laura Gutierrez,amassey@example.net,796.396.4546x55358,silver,2026-07-08
CUST-000535,Dr. David Murray MD,karinorton@example.net,+1-311-461-6202,silver,2024-03-27
CUST-000320,Christopher Doyle,chloe48@example.com,428.970.3203x2074,platinum,2024-12-13
CUST-000224,Susan Jordan,michelleparker@example.net,001-829-825-1881x25205,bronze,2024-07-21
CUST-000004,Veronica Wall,lhill@example.net,435-924-0824x0084,,2023-12-14
CUST-000237,Karen Burton,sandra77@example.org,+1-257-560-8495,platinum,2025-05-17
CUST-000432,Angel Allen,kennethadams@example.org,3242240338,silver,2025-08-03
CUST-000390,Leon Hamilton,raymond27@example.com,(470)466-1498,silver,2024-05-31
CUST-000233,Lisa Holt,rodriguezvictoria@example.org,+1-898-327-9501x455,silver,2025-12-01
CUST-000976,Kevin White,karen28@example.net,579-978-9124,silver,2026-05-04
CUST-000481,Geoffrey Thompson,athomas@example.net,312-209-5790x737,platinum,2026-02-05
CUST-000714,Melissa Davis,qobrien@example.org,+1-634-806-5277x584,gold,2024-11-23
CUST-000127,Marie Thompson,jessicakim@example.net,+1-495-439-2644,,2025-10-30
CUST-000394,Jeffery Holt,stonejacob@example.com,686.294.6119x52436,,2026-08-08
CUST-000110,Bonnie Valencia,ricetiffany@example.com,001-365-282-7109,gold,2024-06-06
CUST-000670,Molly Fernandez,xstephens@example.net,756-829-6575x42786,platinum,2023-11-26
CUST-000216,Connie Williams,floresannette@example.com,001-767-399-8136x4622,platinum,2025-01-26
CUST-000546,Mark Wilkinson,hilljames@example.net,3449851579,bronze,2023-11-28
CUST-000442,Susan Sanchez,kenneththomas@example.net,202.312.6065,silver,2025-08-18
CUST-000686,Kim Jensen,taylordavis@example.com,744-544-9835,bronze,2025-05-04
CUST-000619,Alyssa Mcfarland,johnguzman@example.org,001-415-311-6966x6725,platinum,2024-07-29
CUST-000665,Christopher Cook,jay04@example.org,365.376.9277x8943,gold,2026-04-18
CUST-000309,Taylor Robinson,mark96@example.net,923-747-6490,gold,2025-09-28
CUST-000459,Jesse James,contrerasmelissa@example.org,571.657.6605,gold,2024-06-12
CUST-000941,John Brock,lromero@example.com,5599685195,gold,2025-02-18
CUST-000663,James Price,hermanjulie@example.com,694.953.5461,silver,2023-09-24
CUST-000458,Kimberly James,lpatterson@example.net,+1-364-991-1110x96179,gold,2025-02-25
CUST-000709,Deanna Holloway,lwilliams@example.com,+1-733-837-2188,,2025-11-14
CUST-000466,Charles Miller,javierdiaz@example.org,001-824-847-3158x477,silver,2026-05-29
CUST-000681,Brandon Lopez,rebeccahutchinson@example.org,878.358.4712,bronze,2025-04-27
CUST-000998,Alexander Craig,judy77@example.org,(455)613-2761x79480,bronze,2026-06-27
CUST-000482,Patricia Garcia,mary88@example.org,001-657-775-8474x5705,bronze,2026-04-26
CUST-000525,Jeffrey Henry,tapiamercedes@example.net,+1-432-606-4969x357,bronze,2026-03-01
CUST-000708,Kelsey Contreras,barbara85@example.net,001-698-949-3306x745,bronze,2026-07-24
CUST-000600,Robert Martin,tiffanysmith@example.net,909-377-5396x73794,gold,2025-11-16
CUST-000994,Cynthia Barry,kimberlyjohnson@example.com,(721)295-3689x00577,bronze,2023-10-28
CUST-000450,Jack Davis,geoffrey42@example.org,(974)274-7219,platinum,2024-09-25
CUST-000359,Kelly Young,vallen@example.org,299-271-7911,silver,2024-10-10
CUST-000120,Krista Davis,anthonysullivan@example.com,721-300-3236,bronze,2025-05-22
CUST-000486,Jeffrey Keller,margaret10@example.com,3046254882,platinum,2024-01-27
CUST-000264,George Le,blevy@example.org,(213)987-8293x1027,gold,2026-05-13
CUST-000118,David Harding,melissa65@example.com,(891)321-2775,silver,2025-04-01
CUST-000407,Charles Sharp,bairddebra@example.net,801.336.7492,platinum,2025-12-22
CUST-000677,Megan Johnson,rdavis@example.org,971.482.7496x80491,bronze,2026-05-07
CUST-000324,James Holland,ndavis@example.org,+1-521-947-6492x5158,silver,2024-12-23
CUST-000720,Eric Pearson,sandradavenport@example.org,2395464083,bronze,2026-07-01
CUST-000954,Savannah Rice,michaellopez@example.net,306-677-6106x59208,,2024-05-20
CUST-000552,Sherry Hines,timothy64@example.org,516.464.9690x28249,,2024-01-13
CUST-000773,Angela Barnett,wilsontina@example.com,+1-350-701-6809x414,gold,2023-10-22
CUST-000951,Stephanie Pierce,nguyenharry@example.org,2582269299,bronze,2024-12-29
CUST-000857,Rachel Johnson,lcline@example.com,807.962.0545,silver,2026-02-22
CUST-000705,Jacob Solis,lauren75@example.net,001-317-476-8089,gold,2026-06-10
CUST-000433,Steven Phillips,mark84@example.net,3058342408,bronze,2026-06-24
CUST-000521,Gregory Martin,russellramirez@example.net,347-573-2449x1342,platinum,2025-04-19
CUST-000912,Gail Watson MD,richard62@example.net,(537)231-1804x6741,platinum,2025-02-05
CUST-000844,Douglas Lucero,christina60@example.org,258-348-8600,platinum,2025-01-24
CUST-000495,Matthew Hart,lpalmer@example.net,624.446.1767x929,gold,2025-09-26
CUST-000628,David Cervantes,rachelwilson@example.com,626-535-6022x93946,,2026-06-18
CUST-000869,Brenda Bradley,anna54@example.org,969.389.3652x944,,2024-11-18
CUST-000306,Jennifer Dalton,johnfrancis@example.com,836-544-2493,silver,2023-12-26
CUST-000850,Sierra Smith,josephenglish@example.com,001-718-416-7784x816,,2024-06-24
CUST-000053,Dr. Cynthia Snyder,laurahicks@example.org,(989)857-8291x146,platinum,2025-12-13
CUST-000439,Jeffery Barry,gregorymoreno@example.net,+1-749-445-1475x41022,,2024-10-24
CUST-000298,Anthony Jones,tracy32@example.org,+1-902-569-5249x91187,platinum,2024-07-10
CUST-000884,Vicki Hayes,susan75@example.net,001-821-229-9642,,2024-05-02
CUST-000997,Tara Anderson,mandymalone@example.com,(421)260-2523x941,silver,2025-05-23
CUST-000587,Debbie Schmidt,gonzalesmark@example.net,702-715-5732x5737,,2024-03-28
CUST-000341,Teresa Wade,lindazhang@example.net,+1-535-744-9268x315,bronze,2025-01-02
CUST-000188,Edward Arroyo,gregory81@example.net,248.994.7697x35779,platinum,2023-12-29
CUST-000351,Dr. Kimberly Henderson,kristathomas@example.net,+1-270-907-9420,bronze,2024-06-18
CUST-000767,Lori Wang,richardharper@example.net,001-664-489-9718,bronze,2025-04-01
CUST-000897,Lisa Singh,fergusontrevor@example.net,(423)641-9964x33853,silver,2026-06-26
CUST-000988,Leslie Wolf,kimberly03_at_example.com,587-538-7758,silver,2024-04-14
CUST-000024,Phillip Clark,vanessabuchanan@example.org,635.429.0422,platinum,2023-12-22
CUST-000621,Laura Brooks,smithpaul@example.org,323-497-2835,bronze,2025-06-10
CUST-000657,Charles Johnson,ahaynes@example.com,+1-361-657-2768x2975,silver,2025-01-04
CUST-000387,Amy Brooks,parkerjoann@example.org,232-863-0397x5245,bronze,2025-08-02
CUST-000471,Richard Johnston,byoung@example.com,7742260880,,2023-11-08
CUST-000675,Shannon Reyes,portermichael@example.com,+1-216-999-5706,silver,2025-12-02
CUST-000480,Donna Smith,kristibailey@example.com,(489)474-3251,gold,2024-08-21
CUST-000399,Isaac Williams,andersensusan@example.com,001-857-639-7691x5671,gold,2025-06-18
CUST-000702,Reginald Christensen,edwardsjames@example.org,892.946.3203x747,platinum,2025-10-12
CUST-000830,Meagan Charles,stevengoodwin@example.net,+1-804-209-5314x19615,platinum,2025-02-15
CUST-000115,Laura Wilson,umoon@example.com,+1-902-238-0617x44518,gold,2024-09-30
CUST-000413,Teresa Thomas,ricardomiller@example.com,814.435.9892,gold,2024-08-04
CUST-000651,Brittany Shah,reginaldsmith@example.net,210.967.2453,platinum,2024-10-26
CUST-000752,Henry Lutz,nguzman@example.net,001-298-622-1040x16481,bronze,2025-07-09
CUST-000500,Danny Shepard,mhall@example.net,665-812-4189x389,,2025-07-01
CUST-000222,Harold Garrett,matthew62@example.org,584.404.6084,,2024-09-01
CUST-000175,Karen Howard,ashleyknight@example.org,773.814.5303,silver,2025-01-19
CUST-000347,Denise Harris,martinezsharon@example.org,001-797-818-9569x070,,2024-03-08
CUST-000163,Barbara Williams,tonyajones@example.org,484-722-9405x720,gold,2025-06-07
CUST-000102,Oscar Norris,gonzalesvictoria@example.org,001-696-429-2330x958,silver,2024-08-12
CUST-000485,Wayne Porter,yknight@example.com,+1-227-928-4982x47414,platinum,2023-10-07
CUST-000848,Joshua Cannon,ericmarquez@example.com,001-279-517-7633x4272,,2026-03-31
CUST-000418,Alexandra Vaughan,millerjustin@example.com,+1-782-577-8816x09306,silver,2026-08-16
CUST-000808,Laura Rodriguez,sandrabrewer@example.net,452-739-1029,silver,2025-08-20
CUST-000261,April Johnson,kimberly07@example.org,(542)256-9087x7661,platinum,2024-10-17
CUST-000579,Stephen Williams,brendaperkins@example.com,+1-913-671-7173x1893,platinum,2025-05-08
CUST-000565,Michael Chambers,vhernandez@example.com,660-691-7851x385,bronze,2025-11-23
CUST-000829,Ryan Wilkinson,barnesluke@example.net,(491)849-6112x8794,bronze,2025-04-27
CUST-000260,Cassandra Vasquez,gregory17@example.org,(286)339-1741,silver,2023-11-09
CUST-000799,Rhonda Rodriguez,foxlinda@example.org,(331)223-9204,silver,2024-10-09
CUST-000671,Paul Hensley,nicole55@example.net,(405)582-9582,gold,2026-02-12
CUST-000236,Douglas Tyler,michael30@example.net,448-585-0155x6990,bronze,2024-08-19
CUST-000731,Mercedes Garcia,christopherjackson@example.net,6735228360,bronze,2025-02-13
CUST-000806,Alfred Leonard,devon88@example.org,225-660-8320,silver,2025-12-04
CUST-000214,Brittney Johnson,samantha88@example.net,(822)545-9334x419,gold,2025-11-05
CUST-000892,Jessica Stevens,cooperlaura@example.org,(391)998-3210x2916,silver,2024-07-15
CUST-000697,Amber Miller,mannerik@example.net,372-542-6423x642,,2026-04-04
CUST-000008,Ricky Larson,rebekahserrano@example.org,001-947-917-4648,,2023-11-20
CUST-000548,Russell Nelson,gregory29@example.com,724.747.4175,platinum,2025-12-16
CUST-000858,Mary Henderson,andrew06@example.com,610-265-4113,gold,2026-01-24
CUST-000218,Jason Diaz,kmorris@example.org,955.490.4259,,2024-12-18
CUST-000200,Jacob Green,zfernandez@example.org,200-882-5478x0774,silver,2026-01-13
CUST-000924,Debra Ortiz,joshua74@example.org,8884223095,bronze,2025-06-16
CUST-000569,Lisa Taylor,amccann@example.org,+1-981-399-6059x329,silver,2026-07-01
CUST-000883,Kayla Sanchez,walshsusan@example.net,(211)666-7329,gold,2026-05-01
CUST-000862,Charles Jones,tranadam@example.net,955.685.1777x412,platinum,2024-10-18
CUST-000513,Douglas Johnson,maria61@example.net,+1-655-465-7490x250,gold,2026-05-18
CUST-000017,Cynthia Durham,georgemiller@example.com,(437)347-4074,,2024-12-19
CUST-000804,Justin Parker,kristinafoley@example.net,(617)977-3264x30954,gold,2025-06-23
CUST-000274,Jodi Allen,zmendoza@example.net,+1-206-932-5431,platinum,2025-08-25
CUST-000488,Keith Fuller,tspencer@example.com,+1-726-961-2875,,2024-09-14
CUST-000964,Stephen Martinez,johnsoncrystal@example.org,844.944.2990,platinum,2024-06-19
CUST-000916,Eric Everett,udavis@example.net,001-836-296-7897,gold,2025-05-05
CUST-000419,Pamela Mckee,lawsontami@example.net,(815)428-5067,bronze,2024-10-05
CUST-000604,Thomas Austin,aaron48@example.net,406-822-7236,platinum,2024-10-25
CUST-000314,Christina Perry,jorgemcdaniel@example.com,(566)393-0089,,2026-07-25
CUST-000195,David Combs,rosshannah@example.org,775-245-5884,bronze,2024-11-16
CUST-000673,Jody Flowers,gwatts@example.org,001-330-581-7214x36438,platinum,2023-09-18
CUST-000371,David Brewer,ystewart@example.org,(714)288-8143x111,platinum,2025-04-12
CUST-000675,Shannon Reyes,portermichael@example.com,+1-216-999-5706,silver,2025-12-02
CUST-000286,Suzanne Gonzalez,robert87@example.net,(248)470-4947x8730,bronze,2024-06-06
CUST-000847,Veronica Adams,wesleyjohns@example.com,5643454752,bronze,2023-12-23
CUST-000292,Raymond Todd,colemankathryn@example.org,6312089071,silver,2023-11-04
CUST-000585,Nancy Salinas,andrew66@example.com,+1-287-841-1325x797,silver,2025-09-15
CUST-000049,Samantha Gardner,laurie61@example.com,711-854-4796x27570,platinum,2024-06-19
CUST-000576,Emily Brooks,teresaschneider@example.net,528.472.7601x5343,gold,2024-06-23
CUST-000166,Jose Townsend,cruzamber@example.com,287.370.4358x11288,bronze,2024-04-10
CUST-000781,Leah Ball,bmoyer@example.com,(261)877-0673x68205,bronze,2025-04-06
CUST-000517,Mackenzie Barton,millerrobert@example.org,(370)421-6487,,2026-04-02
CUST-000520,Raymond Hall,uthompson@example.net,450.498.8986x4565,bronze,2023-10-08
CUST-000259,Matthew Jones,pauladominguez@example.com,246.654.2140x665,bronze,2026-07-05
CUST-000165,Paul Moreno,elizabethrivera@example.com,+1-201-757-3993,bronze,2024-10-14
CUST-000743,Daniel Anderson,jimwilliams@example.org,407.339.2013x546,silver,2026-02-21
CUST-000338,Peter Keller,kholden@example.com,+1-629-408-4668x4550,bronze,2025-09-28
CUST-000069,Michael Lopez,gwilcox@example.com,(675)730-4637,bronze,2024-07-19
CUST-000554,Christopher Garcia,gailsingleton@example.com,+1-463-776-7316,,2025-12-06
CUST-000687,Diana Harper,teresa35@example.net,+1-439-324-3588x53798,,2025-10-25
CUST-000542,Sara Castro,stephaniedougherty@example.com,541.886.5205x7563,platinum,2024-10-06
CUST-000769,Joyce Butler,branchthomas@example.com,5727348389,platinum,2025-08-26
CUST-000999,Brian Andrews,breanna51@example.com,658-891-2686,,2024-05-29
CUST-000156,Samantha Conner,garciarobert@example.net,+1-948-783-7550x375,bronze,2025-10-15
CUST-000647,Michael Hancock,ljacobs@example.com,4725801234,platinum,2025-09-28
CUST-000676,Ronald Welch,wellsamy@example.org,676-953-9705,silver,2024-04-17
CUST-000191,Aaron Vincent DVM,moraemma@example.net,459.257.9472x8463,platinum,2025-03-21
CUST-000362,Robert Brown,chardy@example.org,796-685-4982x2749,silver,2024-09-30
CUST-000380,Jacob Campos,reginajenkins@example.net,756.872.4380x70176,gold,2026-03-18
CUST-000456,Ashley Cordova,alexis72@example.com,(448)807-2791x03368,silver,2024-04-16
CUST-000947,Joshua Price,gallagherdaniel@example.com,720-706-2987x7873,gold,2025-12-20
CUST-000881,Adam Martin,yhenry@example.org,(301)973-6542x624,bronze,2025-04-03
CUST-000694,Alex Romero,jamie76@example.net,(779)735-2196x2633,platinum,2024-11-09
CUST-000441,Miguel Rose,opatel@example.com,001-731-735-0305x87210,bronze,2026-03-10
CUST-000797,Angel Young,nathan39@example.net,+1-815-451-3055x7083,,2025-09-08
CUST-000074,Brandi Dalton,rbennett@example.net,628-968-2300,silver,2025-08-30
CUST-000680,Joshua Barnes,hsmith@example.net,7469861114,gold,2024-11-05
CUST-000640,Lori Graves,patelchristine@example.org,431-227-1026x767,gold,2025-05-26
CUST-000995,Allison Murray,vsanchez@example.net,+1-871-230-7221x138,platinum,2025-11-14
CUST-000613,Mary Phelps,gonzalezchristopher@example.net,(358)756-2614,bronze,2026-08-22
CUST-000979,Lauren Walker,wooddylan@example.com,(215)388-0705x326,platinum,2024-01-04
CUST-000791,Tiffany Hansen,lynntracy@example.com,6953744303,bronze,2026-04-11
CUST-000197,Darren Stewart,esweeney@example.org,249-464-7598x7622,bronze,2025-10-28
CUST-000379,Judith Bartlett,robertwhite@example.net,(691)360-3248,gold,2025-09-26
CUST-000763,Shelly Brown,bdeleon@example.org,956.369.1062,silver,2024-08-08
CUST-000832,Erik Brown,selena60@example.com,5288516225,silver,2024-06-20
CUST-000354,Caleb Stanton,ryanpatricia@example.net,(295)662-0175x3703,gold,2025-09-07
CUST-000147,Carol Colon,larry16@example.net,447-889-8562x5753,platinum,2023-09-13
CUST-000538,Michael Medina,holderadam@example.net,610-697-9215x83503,platinum,2026-02-07
CUST-000435,Nicholas Holland Jr.,lisathompson@example.net,(526)993-1216,silver,2026-05-15
CUST-000055,Denise Weber,meghan43@example.net,+1-281-282-9922x995,silver,2023-11-20
CUST-000950,Jeffrey Ortiz,danieldunn@example.org,001-520-300-5328x5386,bronze,2023-08-28
CUST-000291,Eric Cox,wilsondavid@example.org,698.452.4013x223,platinum,2024-04-09
CUST-000704,Jonathon Smith,vjones@example.org,728-240-0838,gold,2024-12-26
CUST-000923,Terri Carter,vwright@example.com,544.514.9169,bronze,2026-02-21
CUST-000706,Madison Thomas,trivera@example.com,001-831-596-4630x04023,bronze,2024-11-23
CUST-000625,Jeffrey Miller,sgallagher@example.net,9716587964,gold,2025-12-15
CUST-000501,Amanda Fisher,aguilarsharon@example.com,950.323.8503,,2026-01-22
CUST-000784,Crystal Wilkinson,rosaleslauren@example.net,(694)784-2495x98811,gold,2024-12-30
CUST-000301,Alfred Williams,wjensen@example.com,(259)505-6165x565,silver,2024-05-21
CUST-000780,Jennifer Armstrong,curtislee@example.net,879-273-6383x18285,gold,2024-08-28
CUST-000235,Lisa Crawford,jordan99@example.com,001-577-829-3430x1071,silver,2024-11-19
CUST-000685,Austin Miller,tyler16@example.net,001-920-954-6475x48954,,2024-10-19
CUST-000142,Shannon Green,olsonmatthew@example.com,001-943-628-3096x520,,2024-06-03
CUST-000167,Ronald Johns,michellecoleman@example.org,001-361-520-7501x1024,gold,2026-05-17
CUST-000283,Audrey Johnson,dennisrachel@example.org,+1-637-551-5093x983,platinum,2023-09-17
CUST-000593,Christopher Gentry,jamiejames@example.org,001-381-723-1795x5633,gold,2025-01-28
CUST-000940,James Flores,mercedes22@example.org,996-233-0833x444,silver,2024-07-22
CUST-000346,Tina Wu,zhughes@example.com,001-241-520-9481x8139,,2025-11-22
CUST-000400,Bethany Robles,mollywalter@example.net,387-827-1783x3321,silver,2026-08-15
CUST-000559,Sean Stevens,dgraham_at_example.com,6954465408,,2024-07-10
CUST-000451,Ryan Crane,richard92@example.com,(416)387-4090x380,bronze,2024-07-07
CUST-000133,Darrell Adams,jacob04@example.com,2218158693,silver,2026-02-05
CUST-000438,Dustin Dorsey,andrewsimmons@example.org,+1-761-372-1314x51951,bronze,2026-04-30
CUST-000856,Donna Flores,robertssamantha@example.org,419.580.7468,bronze,2024-08-02
CUST-000987,Jody Singleton,daniel35@example.net,374-830-6881,,2026-02-27
CUST-000429,Joshua Cooper,jamesgriffin@example.org,001-773-982-0236x8485,,2025-07-13
CUST-000337,Brittany Molina,jennifer65@example.net,(332)366-6785x07208,platinum,2024-08-28
CUST-000217,Patricia Anderson,kelleyjose@example.com,(578)537-6938,gold,2023-11-10
CUST-000022,David Medina,shahkevin@example.com,(275)786-9261x7964,silver,2024-04-17
CUST-000065,Thomas Douglas,kellyroberts@example.net,001-573-238-4842x1993,silver,2025-08-26
CUST-000099,Laura Henderson,heather86@example.com,782.282.7422x5790,bronze,2025-02-04
CUST-000715,David Hernandez,lauraboone@example.net,(401)409-1217,platinum,2025-10-23
CUST-000712,Rebecca Terry,hernandezroy@example.org,(700)372-0245,platinum,2023-10-07
CUST-000889,Lisa Herrera,dmartin@example.org,+1-332-320-4144x7432,silver,2024-11-27
CUST-000874,William Garcia,daniel74@example.net,211.417.8619,,2024-08-17
CUST-000805,Cody Thompson,whitesean@example.net,320-553-9787,bronze,2025-02-10
CUST-000076,Patty Taylor,igonzales@example.org,639-659-9534x2836,gold,2023-10-29
CUST-000921,Tonya Alexander,kproctor@example.com,295-729-6353,bronze,2025-06-03
CUST-000333,Paul Estrada,laura29@example.org,(623)529-7167,silver,2024-04-09
CUST-000265,Anthony Parker,sanchezdeborah@example.org,579-329-1117,gold,2026-01-20
CUST-000983,Lisa Keller,garciakelly@example.com,737.572.7028x96660,gold,2024-07-12
CUST-000258,Corey Johnson,jenningsmichael@example.net,409-839-1119,gold,2025-08-11
CUST-000498,Alexander Moyer,zcervantes@example.org,330-720-5698,bronze,2024-03-13
CUST-000960,Jennifer Smith,sparksgarrett@example.net,(810)626-2706,bronze,2025-04-20
CUST-000961,Dawn Meyer,smithamy@example.com,001-530-988-9830x57488,platinum,2024-06-05
CUST-000836,Keith Morales,marksheidi@example.com,277-218-2498,platinum,2026-03-29
CUST-000358,Benjamin Wright,mooneyjeremiah@example.net,(754)611-0760,platinum,2024-05-20
CUST-000878,Steven Wilson,taramejia@example.org,652-303-6089x411,bronze,2026-07-05
CUST-000955,Audrey Hull,howellstuart@example.com,001-415-296-9838x457,platinum,2026-08-12
CUST-000859,Julie Mills,craig99@example.com,4588366834,silver,2025-03-31
CUST-000275,Vanessa Ford,jacquelinehodge@example.net,(262)657-0165,bronze,2024-12-02
CUST-000479,Anthony Johnson,maldonadodebbie@example.org,531-681-4396x661,gold,2025-02-16
CUST-000868,Keith Gonzalez,manningjeremy@example.com,6713695007,,2026-04-10
CUST-000910,Lynn White,deanna83@example.net,776-948-4673,gold,2025-11-26
CUST-000360,Leslie Reynolds,pattonbryan@example.com,808-504-6619,platinum,2026-03-27
CUST-000783,Tina Grant,marksanders@example.com,+1-243-469-9848,silver,2024-01-09
CUST-000117,Anna Morse,robertwoodward@example.org,865.471.9182x61990,platinum,2024-05-09
CUST-000688,Catherine Holland,danielle39@example.net,353.667.4978x5249,,2024-01-07
CUST-000877,Carl Larson,cgarcia_at_example.net,8596503100,silver,2026-07-07
CUST-000821,Cristian Lambert,hjohnson@example.net,001-339-562-7466x62159,gold,2026-02-18
CUST-000639,Daniel Pittman,sarah53@example.net,(495)497-7524x418,,2024-02-18
CUST-000343,Jennifer Martin,sbarajas@example.com,727.372.8813x77028,silver,2025-06-12
CUST-000928,Terry Green,farellano@example.net,(784)234-5663x113,silver,2026-04-19
CUST-000620,David Gonzalez,jasminekoch@example.com,(715)371-8409x080,,2024-02-24
CUST-000342,Jeffery Anderson,jenniferpoole@example.org,871.658.6988,silver,2025-05-24
CUST-000510,Keith Morris,joseph49@example.org,527-870-7070x578,bronze,2023-10-27
CUST-000078,Jasmine Scott,harttammy@example.net,517-551-8304x69901,gold,2025-01-29
CUST-000905,Amber Hines,rsmith@example.org,001-252-478-1055x800,platinum,2025-02-03
CUST-000289,Kayla Miranda,brandon48@example.net,(719)328-5544,gold,2025-03-31
CUST-000138,Olivia Camacho,lopezjason@example.com,2824148628,gold,2024-03-22
CUST-000460,Jennifer Smith,kyle63@example.org,(558)895-5296,gold,2024-03-21
CUST-000592,Thomas Barton,kevincoleman_at_example.com,2279160736,platinum,2024-12-16
CUST-000563,Christopher Mitchell,joshuapowers@example.net,7633062447,gold,2024-04-22
CUST-000226,Corey Johnson,jack67@example.com,001-504-863-3312x79757,bronze,2024-11-09
CUST-000135,Kurt Flores,mcneilryan@example.net,001-811-368-6854x8709,bronze,2024-11-19
CUST-000932,Monica Molina,robert52@example.com,001-823-332-8293x02025,,2024-04-16
CUST-000496,Nicholas Hall,breanna61@example.org,+1-617-375-3312x66109,silver,2023-10-03
CUST-000754,Nathan Kirk,sanchezrobert@example.net,(631)244-1706x46255,,2024-03-15
CUST-000838,Jonathon Bradley,jhorton@example.com,001-415-259-4501x192,gold,2026-03-06
CUST-000196,Mariah Thompson,michelle93@example.net,001-745-858-7716x94722,,2025-07-15
CUST-000190,Susan Porter,patriciaadams@example.net,733.443.3339,,2025-12-23
CUST-000849,Adam Daniels,ecohen@example.com,896-530-4530,,2024-08-13
CUST-000199,Alyssa Alvarado,scott22@example.net,877-684-8728x29979,platinum,2026-05-15
CUST-000723,Joshua Dunn,michaelhubbard@example.com,312-910-3142,platinum,2024-08-27
CUST-000329,Christine Wong,cabreraheather@example.org,+1-436-483-1472x7601,bronze,2025-11-09
CUST-000047,Harold Morgan,ingramjill@example.com,+1-227-772-2170x4303,platinum,2026-06-11
CUST-000416,Rachel Arnold,zwhite@example.net,(279)724-0822x2694,,2025-10-06
CUST-000737,William Arnold,andreyoung@example.com,+1-321-345-8414x8460,silver,2024-05-14
CUST-000841,Natalie Hawkins,rlutz@example.com,(967)960-5642x04565,silver,2024-08-30
CUST-000242,Eric Mcclain,donald49@example.org,+1-270-320-7016,gold,2024-12-02
CUST-000204,Ray Ramos,lisa01@example.net,001-303-671-8376x4520,gold,2025-01-31
CUST-000158,Ashley Perry,ylewis@example.org,+1-891-977-9827x0808,silver,2026-06-01
CUST-000028,Christian Leblanc,edwardslarry@example.com,211-716-1528,platinum,2025-08-26
CUST-000795,Tyler Shields,savannahgrant_at_example.com,001-486-978-7442,platinum,2025-10-05
CUST-000696,Darryl Richardson,fblankenship@example.com,772-223-9898x306,platinum,2025-12-03
CUST-000150,Jason Martin,kimberlydecker@example.org,+1-373-975-3001,gold,2024-02-03
CUST-000727,Rodney Carter,david05@example.org,804-324-6245,bronze,2026-07-26
CUST-000735,Cole Wade,scott32@example.org,+1-937-674-6040x67200,silver,2024-04-03
CUST-000424,Jessica Harper,vincent30@example.net,4674447163,platinum,2024-05-23
CUST-000014,Timothy Kane,jreed@example.net,001-939-263-6057x662,platinum,2024-01-09
CUST-000667,Dennis Conrad,evansaustin@example.org,910.672.0113,silver,2024-06-14
CUST-000589,Phyllis Schmidt,cynthia19@example.org,419.779.3164x77251,silver,2025-01-02
CUST-000863,Maria Thomas,kristendavis@example.net,499-962-6422,gold,2024-08-24
CUST-000308,Jennifer Cox,edwardskenneth@example.org,+1-316-523-1981x89847,bronze,2025-06-10
CUST-000321,Judith Rodriguez,wwilliams@example.net,001-521-251-3422x8499,gold,2025-03-21
CUST-000682,Alexandra Brown,jamesevans@example.net,7185498042,gold,2026-03-23
CUST-000807,Katie Carroll,robrien@example.com,(235)685-2386x003,platinum,2026-07-29
CUST-000753,Dr. Jose Gray DDS,suzanne28@example.com,616.843.2126x94289,bronze,2024-07-14
CUST-000219,Ashley Brown,jamesbrooks@example.net,+1-524-505-1477x053,platinum,2025-04-13
CUST-000523,Chad Ramirez,wallaceryan@example.com,+1-715-213-1528x54781,silver,2024-12-10
CUST-000664,Brian Fitzpatrick,hharris@example.org,239.543.9457,,2025-05-05
CUST-000824,Katherine Walker,znoble@example.net,637-397-1669,,2024-11-15
CUST-000865,Michelle Smith,davidkane_at_example.com,001-601-963-5640x7232,gold,2026-08-14
CUST-000630,Dominique Hudson,gary46@example.com,216-931-8732,bronze,2025-01-29
CUST-000635,Isabel Smith,sylviaprice@example.com,820-976-8362x5366,silver,2025-11-04
CUST-000293,Steven Lopez,websterkimberly@example.net,(301)324-9552x893,,2026-02-06
CUST-000202,Mark Williamson,robert12@example.org,697-635-0208x021,bronze,2024-01-07
CUST-000026,Judith Maynard,acostaregina@example.net,7764617711,,2023-11-03
CUST-000050,Nicole Moore,jonesdana@example.com,7298702135,,2026-06-28
CUST-000122,Jeremy Hernandez,nthompson@example.org,+1-899-434-7687x014,,2024-11-25
CUST-000632,Amy James,sandra57@example.org,681-432-3570x7139,bronze,2024-01-27
CUST-000605,Desiree Stafford,johnbell@example.org,392-637-2450,,2025-03-20
CUST-000339,Marissa Terry,ischneider@example.net,+1-563-341-0856x2884,,2025-03-06
CUST-000571,Wanda Robles,beckystevens@example.net,981.895.2371x006,platinum,2023-11-09
CUST-000966,Eric Lester,joe47@example.org,584-755-9396x5213,gold,2023-08-30
CUST-000534,Angela Powell,davisgary@example.com,889.230.7464x5205,gold,2024-06-12
CUST-000984,Melanie Jones,grayjonathan@example.org,697-253-5846,silver,2026-07-26
CUST-000284,John Morrison,frhodes@example.net,905.362.6565x04554,silver,2024-04-16
CUST-000357,Michael Owens,nashmarcus@example.com,(580)730-4687x506,platinum,2023-11-21
CUST-000210,Steve Miller PhD,smithsamantha@example.net,2583650948,bronze,2026-02-22
CUST-000744,Christopher Cameron,thomassmith@example.com,(711)923-1261x63248,bronze,2024-02-12
CUST-000852,Toni Hunt,john91@example.org,286-699-9698x829,,2026-08-15
CUST-000170,Elizabeth Goodman,armstrongphillip@example.net,001-453-268-2223x9431,bronze,2026-03-13
CUST-000469,Adam Murphy,dustin51@example.org,395.638.1649x383,platinum,2025-10-16
CUST-000028,Christian Leblanc,edwardslarry@example.com,211-716-1528,platinum,2025-08-26
CUST-000937,Lauren Watts,whitelevi@example.org,(368)444-8237x3379,platinum,2023-12-11
CUST-000223,Tyler Salazar,fsandoval@example.net,+1-536-439-2649x5782,gold,2025-05-21
CUST-000311,Shannon Price,danielle51@example.net,(344)913-4327x5604,,2025-01-20
CUST-000946,Edward Bates,herringgerald@example.org,858-626-8687,bronze,2026-04-28
CUST-000726,Kenneth Smith,james00_at_example.com,+1-455-960-5712x19881,,2025-02-15
CUST-000695,Julie Johnson,jenniferroach@example.com,001-831-270-6955,,2025-02-11
CUST-000016,Jessica Garcia,crystalmccall@example.org,+1-417-524-0050x4556,bronze,2025-03-27
CUST-000574,Pam Hernandez,kristin49@example.com,603-459-5442x9477,bronze,2025-11-15
CUST-000248,Mrs. Ann Smith,kevin46@example.net,562.840.5800x85140,bronze,2025-09-30
CUST-000527,Melissa Johnson,heidi27@example.com,883-860-8545x667,gold,2024-06-04
CUST-000305,Lori Black,jpowers@example.org,(297)537-4896,platinum,2024-09-25
CUST-000174,Holly Walker,amy87@example.net,001-494-427-8816x58039,bronze,2024-12-24
CUST-000810,Bruce Mcdaniel,schultzjessica@example.org,001-876-372-0191x116,platinum,2024-01-12
CUST-000281,Candace Wilson,maryschwartz@example.net,992-474-5238x05525,silver,2025-03-30
CUST-000566,Carol Bell,bcraig@example.org,(860)548-7368x26911,silver,2024-04-11
CUST-000975,Dustin Santos,fernandezrobert@example.net,(748)984-9979x5728,bronze,2024-08-17
CUST-000083,Kelly Allen,andre62@example.org,+1-584-654-6156x793,silver,2025-09-11
CUST-000747,Amanda Henry,greenmartin@example.org,823.318.2971,platinum,2025-11-08
CUST-000088,Brandon Jordan,hahnsean_at_example.com,+1-388-761-0158,,2026-03-26
CUST-000176,Michael Boyd,ckeith@example.net,649-889-2665x918,platinum,2026-07-24
CUST-000633,Lisa Jackson,brian16@example.net,550-221-3060x90691,platinum,2025-05-02
CUST-000814,Jasmine Farmer,rodneyhoward@example.com,(230)841-2027,,2024-01-05
CUST-000776,Cory Harris,andrew88@example.com,312.955.2356,gold,2025-04-11
CUST-000516,Suzanne Valdez,wcox@example.net,+1-637-663-9283x692,silver,2024-09-01
CUST-000011,Kimberly Gutierrez,darrell68@example.org,485.697.7034,silver,2024-12-15
CUST-000151,David Hall,chancharles@example.net,247-201-2045x5611,,2026-03-13
CUST-000967,Brian Miles,monteskarl@example.net,+1-900-936-2211x732,gold,2024-02-11
CUST-000949,William Campbell,mitchellcheryl@example.net,689.311.7972x6999,platinum,2025-08-06
CUST-000410,Carl Harris,adamwest@example.com,(718)440-1184,platinum,2024-11-29
CUST-000038,Matthew Williams,vgarcia@example.net,001-777-288-9255x466,gold,2026-01-04
CUST-000232,Samantha Clark,sanchezamy@example.net,(620)750-2099,gold,2026-05-27
CUST-000084,James Tran,valdezmichele@example.org,2025176591,silver,2024-04-11
CUST-000993,Eric Fox,rodriguezmaria@example.org,963-407-0286,bronze,2023-10-24
CUST-000352,Ryan Campbell,mary65@example.net,(689)814-1612,bronze,2024-04-10
CUST-000389,Blake Hardy,christopherwatkins@example.org,623-936-2934x4973,silver,2023-11-19
CUST-000334,Christopher Clayton,kiddmichael@example.com,701.256.1931x83745,bronze,2025-12-14
CUST-000296,Stephanie Lang,broberts@example.org,+1-352-407-1678x11266,silver,2023-11-02
CUST-000443,Jacob Miller,woodsbrittney@example.org,609-962-2728,,2024-11-16
CUST-000740,Ashley Huang,trevor68@example.org,960.437.6811,platinum,2024-04-21
CUST-000996,Cody Johnson PhD,pwilkerson@example.com,646-517-1928x17074,platinum,2024-11-11
CUST-000425,Jessica Wells,linvirginia@example.org,489-823-9231,platinum,2023-10-05
CUST-000648,Mark Vargas,lopezmelinda@example.org,+1-668-443-6453x804,silver,2023-11-02
CUST-000572,Ricardo Holland,trosario@example.net,+1-807-970-4605,silver,2024-12-05
CUST-000280,Keith Villanueva,todd88@example.com,424-637-5402x5472,bronze,2024-03-10
CUST-000489,Justin Bernard,afisher@example.com,(212)894-3985x29894,platinum,2024-01-08
CUST-000869,Brenda Bradley,anna54@example.org,969.389.3652x944,,2024-11-18
CUST-000452,Joel Davis,ashleynash@example.org,778.371.1216x636,,2024-08-05
CUST-000253,Richard Green,keith09@example.net,+1-379-629-0490x4712,bronze,2024-05-25
CUST-000212,Kathy Sandoval,kandrade@example.org,+1-897-755-8556,platinum,2025-06-20
CUST-000453,Jesse Gardner,vlewis@example.com,223.559.0960x5673,gold,2026-03-31
CUST-000508,Phillip Pineda,qpatel@example.com,+1-854-693-0596x601,,2026-03-21
CUST-000215,Sabrina Davis,laura27@example.net,+1-240-896-1055x6613,bronze,2023-10-22
CUST-000376,Michael Thompson,tfowler@example.org,001-397-902-3164x334,bronze,2023-10-25
CUST-000562,Sonya Copeland,whitejulie@example.net,(513)894-4988x30597,silver,2024-06-19
CUST-000198,Brendan Zuniga,shelby13@example.org,680.506.8114x9216,platinum,2024-05-20
CUST-000778,Dennis Williams,qjones@example.net,(395)802-6480,,2024-06-20
CUST-000989,Mitchell Jacobs,kathleen70@example.com,+1-715-638-6028x262,silver,2026-01-02
CUST-000861,Stephanie Johnson,dwhite@example.org,+1-432-801-2657x898,platinum,2023-09-09
CUST-000292,Raymond Todd,colemankathryn@example.org,6312089071,silver,2023-11-04
CUST-000728,William Murphy,charles44@example.com,001-712-389-9151x145,,2024-03-10
CUST-000990,Crystal Miller,bradshawcarlos@example.org,2572720441,silver,2025-10-06
CUST-000811,Nathan Stanley,bobbywilliamson@example.org,273.439.3049x36653,,2025-01-03
CUST-000035,Richard Jones,vharrell@example.com,+1-418-483-5523x1243,gold,2025-12-03
CUST-000775,Jennifer Anderson,umcclure@example.com,(450)381-7760,platinum,2025-12-13
CUST-000128,Lance Mccall,xrosales_at_example.net,+1-339-717-2513x552,silver,2024-12-25
CUST-000108,Jessica Robinson,courtneyhernandez@example.com,521-696-5652,,2025-07-29
CUST-000981,Christine Jones,bruce24@example.org,587-536-6271x35896,platinum,2024-09-13
CUST-000006,Joseph Hayes,yobrien@example.net,649.364.9909x133,platinum,2024-02-11
CUST-000890,Mark Smith,barbara30@example.net,9307423227,silver,2026-03-12
CUST-000172,Brittany Knight,qmurphy@example.com,962-705-3364x52577,bronze,2025-12-19
CUST-000787,Amanda Schneider MD,lukeray@example.com,906.223.5040x56695,gold,2023-09-26
CUST-000545,Mrs. Lisa Smith,edwardsmichaela@example.com,+1-652-395-8066x01382,gold,2024-02-28
CUST-000822,Jeffery Collins,dsmith@example.com,690-511-0797x71400,platinum,2025-04-10
CUST-000771,James Russell,ryanadams@example.net,730-787-6123,,2026-08-01
CUST-000853,Jerry Taylor,timothy27@example.org,(530)919-8642x4238,silver,2024-02-18
CUST-000421,Steve Lopez,wmurphy@example.org,(901)267-3188x261,,2024-02-10
CUST-000888,Cindy Kelley,sally78@example.net,(492)489-7284x5401,,2025-10-23
CUST-000494,Terry Kelly,brewerpatricia@example.net,(577)740-2588,gold,2026-05-08
CUST-000454,Benjamin Sullivan,onelson@example.org,576-783-4201x6542,platinum,2026-06-20
CUST-000956,Jennifer Cruz,jacquelinebennett@example.net,(695)491-2573,platinum,2024-09-03
CUST-000939,Stephanie Rodriguez,heather29@example.com,922-427-6433,silver,2024-02-19
CUST-000590,Marcus Price,zpreston@example.net,9355624395,platinum,2025-12-14
CUST-000801,Chad Moore,julie58@example.net,001-505-329-1876,gold,2024-10-26
CUST-000788,Grace Brooks,jacksonrachel@example.org,428-567-9632x594,bronze,2025-07-18
CUST-000761,Nicole Russell,vmoreno@example.org,(923)699-8213,platinum,2024-08-25
CUST-000820,Robert Thompson,michael84@example.com,001-830-809-6258x857,silver,2025-06-06
CUST-000614,Willie Johnson,pmckenzie@example.net,533.237.3204,,2026-03-19
CUST-000145,Brittany Gay,amoreno@example.org,969-672-5217x52500,platinum,2024-04-09
CUST-000866,Diana Brown,samanthacarr@example.net,788.222.4731x2616,silver,2025-02-01
CUST-000764,Gilbert Williams,corythompson@example.org,(688)626-9177x68293,platinum,2025-11-21
CUST-000227,Logan Newton,franklinmadison@example.net,+1-888-208-1770x388,gold,2025-04-25
CUST-000577,Margaret Smith,santosmichael@example.com,001-383-235-0615x8148,,2024-12-25
CUST-000187,James Willis,christopherhill_at_example.com,901.818.4895x54393,silver,2025-05-14
CUST-000034,Jared Bowman,umorse@example.net,816-805-2975x1613,bronze,2025-03-19
CUST-000930,Megan Barrett,aklein@example.net,+1-200-485-2946,bronze,2026-04-20
CUST-000770,Nicole Huff,debra82@example.net,805-761-2996x5082,bronze,2025-04-11
CUST-000553,Brenda Reed,kristina01@example.com,(827)302-3244x1233,bronze,2025-10-24
CUST-000131,Monica Baker,terriortiz@example.net,843-310-6987x2050,bronze,2024-07-11
CUST-000302,Alejandro Nguyen,brittany14@example.org,869.786.4079x056,,2025-05-11
CUST-000765,Joseph West,wilsonkevin@example.net,254.537.8826,,2024-05-05
CUST-000388,Joshua Knox,karen35@example.com,+1-233-496-8527x01713,platinum,2026-06-16
CUST-000568,Donna Middleton,zperez@example.com,(326)840-8572,silver,2025-05-20
CUST-000812,Brandon Johnson,kimberly12@example.com,+1-468-625-0952,gold,2024-10-08
CUST-000366,Gina Spencer,jamesthompson@example.com,(330)724-1026,bronze,2026-06-14
CUST-000684,Amanda Flores,sharon46@example.org,(403)556-7932x7986,platinum,2025-06-09
CUST-000982,Shane Potter,bushcourtney@example.net,(415)747-3156x63979,bronze,2024-09-06
CUST-000499,Kathryn Kelly,nlee@example.net,+1-421-676-6191,gold,2023-12-12
CUST-000919,Mr. Willie Hart,bellandrew@example.com,647.800.0268x764,platinum,2025-02-17
CUST-000699,Adam Foley,jennifer28@example.org,001-548-708-8062x20722,,2025-05-13
CUST-000896,Roy Davis,davidjackson@example.org,(443)362-5854,,2025-09-05
CUST-000331,Susan Dillon,upalmer@example.net,608.806.9581,,2026-04-23
CUST-000310,Donald Mueller,stewartrodney@example.net,(557)654-0900,bronze,2025-04-20
CUST-000345,Andrew Olson,jsmith@example.com,497-756-7922x8777,gold,2023-11-29
CUST-000104,Jackie Clements,powellkara@example.net,790-617-5186x36374,gold,2024-08-27
CUST-000689,Robert Scott,zli@example.org,378.994.8963x4067,silver,2024-12-14
CUST-000383,Pamela Mcfarland,awilliams@example.org,(333)410-6005x313,platinum,2025-10-24
CUST-000968,Frank Leonard,amanda83@example.net,+1-752-329-4252,gold,2024-11-10
CUST-000374,Jerry Hansen,scarrillo@example.com,(829)624-0755x366,platinum,2024-08-15
CUST-000616,Joshua Anderson,marccarey@example.net,978.951.9358x37490,silver,2025-02-18
CUST-000114,Jordan Williams,shannonemily@example.org,8305756220,gold,2024-08-10
CUST-000573,Ashley Jackson,garciamelanie@example.net,(752)637-3415x17734,gold,2025-09-16
CUST-000693,Eric Riley,samantharamirez@example.org,+1-867-233-1167x726,bronze,2025-04-07
CUST-000658,Erica Smith,jasminechavez@example.org,2588752568,bronze,2025-07-31
CUST-000061,Luis Kirby,markaustin@example.org,001-258-788-7947,,2024-08-20
CUST-000332,Jeffrey Martin,simpsonsheila@example.com,001-637-857-3839x5972,bronze,2026-07-09
CUST-000182,Jane Chapman,zperez@example.com,001-691-562-4731x4986,,2023-08-29
CUST-000349,Todd Lam,floresrobert@example.com,8333993788,bronze,2024-06-13
CUST-000669,Tracey Lopez,rharris@example.org,001-370-709-6873x045,bronze,2025-01-04
CUST-000207,Kristin Daniels,jennifer40_at_example.com,439.928.5574x9821,gold,2024-07-12
CUST-000774,Kevin Ramos,oayala_at_example.net,(420)253-4407x77946,gold,2025-10-14
CUST-000001,Robert Medina,ryangross@example.net,876.794.5314x7379,,2023-09-24
CUST-000490,Anthony Brown,fordkathryn@example.net,+1-215-591-4975x0198,,2025-03-11
CUST-000540,Tracy Mclaughlin,xrivera@example.net,+1-973-220-3319x222,gold,2024-08-12
CUST-000021,James Little,gibsonemily_at_example.net,(613)870-9859x317,silver,2023-12-29
CUST-000977,Sydney Baker,vsmith@example.net,214-536-7286x81123,platinum,2025-03-24
CUST-000917,John Miller DDS,klewis@example.com,001-822-776-0759x88978,bronze,2024-05-09
CUST-000584,Patrick Cole,nathan45@example.net,(596)660-6065x27403,,2024-07-11
CUST-000973,Sean Crawford,kellygina@example.org,001-477-662-9691x4336,bronze,2026-04-23
CUST-000039,David York,cameron18@example.net,+1-625-819-2546x291,silver,2025-07-28
CUST-000503,Richard Gonzalez,kimberly30@example.org,+1-460-387-0662x668,,2024-12-15
CUST-000901,Scott Allen,barbara64@example.com,242.635.9142x614,gold,2025-08-05
CUST-000906,Matthew Dougherty,jessicajones@example.org,860-394-3913,platinum,2025-02-15
CUST-000556,Cole Clark,pmelendez@example.org,(415)462-6244x67046,platinum,2024-11-02
CUST-000505,Bryan Jones,whitneyanderson@example.com,683-775-3745x843,gold,2025-09-26
CUST-000193,Louis Diaz,jacob43@example.com,563.365.5647x2929,gold,2025-10-21
CUST-000757,Deanna Edwards,taraholloway@example.org,001-316-232-1119x787,,2025-06-18
CUST-000361,Lisa Morgan,chavezsteven@example.com,+1-407-685-9311x09193,silver,2024-09-16
CUST-000029,Michelle Schmitt,qgomez@example.com,+1-745-319-8327x315,bronze,2025-12-06
CUST-000611,Kimberly Morris,kayla23@example.net,(352)871-5598x3541,,2024-07-31
CUST-000898,Courtney Green,pamelaestrada@example.com,203.711.5876,platinum,2026-08-01
CUST-000831,Courtney Sharp,gregorymitchell@example.net,(817)896-2409x649,silver,2025-04-13
CUST-000181,Kim Goodwin,thomasmendez@example.org,772-298-0686,,2025-09-25
CUST-000178,Karen Mendoza,guerrerorobert@example.com,492.460.3029,,2025-07-13
CUST-000364,Gary Garcia,melissa95@example.net,5739033793,,2025-11-05
CUST-000603,Shannon Perez,nicholasgarcia@example.org,001-928-796-3406x46867,silver,2024-01-20
CUST-000598,Matthew Diaz,collinsterrance@example.com,+1-317-379-3238x223,platinum,2025-10-17
CUST-000058,Phillip Jimenez,lisapeck@example.net,277.247.0168x73395,,2024-06-27
CUST-000547,Tracy Wang,whitechristopher@example.com,6352713432,platinum,2024-10-12
CUST-000273,Joel Smith,natkins@example.net,(933)256-9392x90600,gold,2024-12-02
CUST-000992,Laura Harris,yhernandez@example.com,(651)574-2240,silver,2024-02-28
CUST-000254,Christopher Vargas,joshua40@example.net,(275)724-3728,,2026-08-05
CUST-000103,Brandy Brady,keith48@example.net,(804)822-3253x67294,silver,2024-12-30
CUST-000164,Michael Fox,tracy98@example.com,(381)782-6886,platinum,2024-04-22
CUST-000777,Angela Martin,marshalljamie@example.org,(813)363-8527x7895,platinum,2024-03-19
CUST-000707,Austin Trevino,ronaldcarroll@example.org,771-937-2711x759,silver,2026-07-05
CUST-000762,Shannon Carter,qjones@example.org,386.305.0537x66608,gold,2025-11-18
CUST-000839,Stacy Williams,pvang@example.net,817-516-0398,,2024-11-27
CUST-000915,Joshua Howard,nvargas@example.net,(407)202-0426,gold,2023-11-09
CUST-000288,Laura Bruce,hmccann@example.com,(290)625-7252,,2024-09-22
CUST-000642,Steven Butler,gomeztonya@example.com,(754)438-4807,silver,2023-10-19
CUST-000225,Phillip Salazar,edwin31@example.org,499-993-9330x517,,2025-10-11
CUST-000327,Cassie White,mackallen@example.net,(501)464-5977x9452,platinum,2023-11-17
CUST-000027,Zachary Schmidt,claudia98@example.net,789.961.1836x736,gold,2024-11-02
CUST-000185,Jessica Brown,brockmadeline@example.com,651.290.6698,gold,2026-06-24
CUST-000277,Lauren Haley,john17@example.net,335.754.8640,gold,2024-09-05
CUST-000398,Leslie Hester,yvonne35@example.net,910-876-2091x84357,,2025-08-15
CUST-000826,Deborah Stephenson,eroman_at_example.net,+1-420-237-0878x21160,platinum,2025-07-14
CUST-000816,Michael Delacruz,mariacohen@example.net,9307109567,silver,2024-11-29
CUST-000580,Paula Lee,hcallahan@example.net,+1-697-604-6947x2587,bronze,2024-06-08
CUST-000353,David Bird,nicole54@example.net,937-895-0209x70026,bronze,2025-04-04
CUST-000497,Tammy Morris,alexandernicholas@example.net,001-576-529-8334x774,platinum,2025-11-13
CUST-000558,Robert Odonnell,turnerjonathan@example.net,757.658.5126x86120,silver,2024-03-27
CUST-000492,Timothy Evans,wellsmarissa@example.com,423.584.9791x6202,bronze,2024-02-26
CUST-000368,Anthony Flynn,melissaphillips@example.org,(489)873-1791,bronze,2025-11-23
CUST-000641,Alejandro Vasquez,sarah99@example.org,+1-595-751-5122x94621,,2024-07-09
CUST-000020,Susan Rivas,jamesbuchanan@example.com,374-851-7123x685,platinum,2023-09-08
CUST-000557,Mary Sullivan,marshallchristopher@example.net,9258298670,platinum,2024-11-28
CUST-000678,Brian Moore,melissa04@example.net,237-673-0626,platinum,2024-03-11
CUST-000539,Jennifer Scott,tsilva@example.com,+1-631-392-1342,gold,2024-01-09
CUST-000205,Jeffrey Smith,james03@example.org,391-563-0097x925,platinum,2024-02-12
CUST-000904,Carla Wong,fwilliams@example.org,+1-708-865-2377x72966,,2024-03-17
CUST-000897,Lisa Singh,fergusontrevor@example.net,(423)641-9964x33853,silver,2026-06-26
CUST-000837,Jeremy Gutierrez,jwhitaker@example.org,835-592-6648,platinum,2025-09-27
CUST-000634,Maria Campbell,smithmadison@example.com,+1-767-537-9457x727,platinum,2024-01-29
CUST-000090,Heather Raymond,ryanfisher@example.com,001-879-793-7124x0659,gold,2024-12-18
CUST-000063,Michael Jenkins,leescott@example.com,001-997-702-8385x78652,platinum,2025-04-13
CUST-000491,Elizabeth Collins,rtaylor@example.net,3793311029,,2024-05-20
CUST-000734,Marissa Love,tammyhill_at_example.org,001-806-815-3722x155,platinum,2025-08-15
CUST-000422,Steven Herrera,jeremy65@example.com,517-672-2560x531,bronze,2023-10-07
CUST-000511,Jessica Scott,hillcheryl@example.com,447-923-2290x310,,2025-05-19
CUST-000964,Stephen Martinez,johnsoncrystal@example.org,844.944.2990,platinum,2024-06-19
CUST-000927,Shelly Rodriguez,ashleymorrow@example.org,001-913-275-6589x63595,,2025-04-23
CUST-000629,Ryan Lopez,robert06@example.com,001-974-390-6072x31112,platinum,2024-03-11
CUST-000036,Justin Riley,thompsonkendra@example.com,+1-799-355-2717x74490,bronze,2024-07-28
CUST-000153,James Howard,rpham@example.com,6277716701,,2023-09-06
CUST-000457,Jacqueline Cox,stephaniebonilla@example.net,748-317-7665x5868,platinum,2026-06-03
CUST-000755,Elizabeth Chung,jenniferwood@example.net,001-201-576-4644x8988,bronze,2025-11-01
CUST-000282,Theresa Reilly,knapprichard@example.com,(408)985-4749,gold,2024-08-28
CUST-000192,Jennifer Parks,imendoza@example.org,(871)387-5003,silver,2024-08-14
CUST-000220,Alicia Aguilar,ana92@example.net,+1-880-642-0439x40701,platinum,2025-08-18
CUST-000363,Jonathon Conley,holmesdiane@example.org,9659333153,gold,2025-06-10
CUST-000972,Justin White,timothyalvarez@example.org,+1-215-321-7465x35378,silver,2025-03-06
CUST-000437,Mr. Jeremy Martin,melissa13@example.org,372-830-8481x00184,,2024-01-26
CUST-000392,Wendy Martinez,danielle91@example.com,001-223-864-5875,bronze,2026-06-03
CUST-000876,Angela Rodriguez,smithmichelle@example.net,925.694.7950,platinum,2023-10-10
CUST-000864,Holly Hendricks,colelisa@example.com,485-245-7056,bronze,2026-03-06
CUST-000405,John Bailey,vickiekelley@example.com,(261)684-4386x1259,silver,2025-01-05
CUST-000444,Stanley Johnson,scott04@example.org,001-828-420-6678x49843,,2024-06-16
CUST-000851,Roger Clark,sabrina54@example.com,+1-351-279-9378,gold,2025-07-26
CUST-000173,Sarah Trevino,larnold@example.net,(883)541-1080,,2026-05-12
CUST-000052,Chad Jones,wendymitchell@example.com,(671)455-1884,,2025-10-11
CUST-000473,Wyatt Callahan,johnsonbrandon@example.org,001-263-621-3580x0401,platinum,2023-11-14
CUST-000044,Dustin Gallegos,combsdebra@example.org,001-827-379-0104x328,silver,2025-12-20
CUST-000126,Charles Bush,samantharichard@example.com,(718)651-5691,silver,2024-08-11
CUST-000340,Kimberly Green,adrienne20@example.org,001-646-281-0548x51017,silver,2025-01-01
CUST-000095,Thomas Miller,michaeljohnson@example.org,001-925-745-7387x5717,,2023-11-05
CUST-000132,Edgar Miller,bgonzalez@example.org,446-777-4186,gold,2026-04-19
CUST-000455,Jessica Gaines,salvarez@example.org,001-460-789-3199,bronze,2025-08-20
CUST-000668,James Bennett,sbrown@example.org,3766762090,platinum,2025-10-09
CUST-000067,Taylor Gentry,pearsonjesse@example.net,(262)606-7240,silver,2025-05-06
CUST-000023,Mrs. Stephanie Newman,xsampson@example.org,2642317139,gold,2026-01-01
CUST-000721,Billy Pratt,aallen@example.com,+1-586-608-4907,bronze,2025-12-24
CUST-000886,Jeffrey Bernard,meagan38@example.org,992-215-8189,platinum,2025-09-13
CUST-000929,Natalie Johnson,pamela36@example.org,334.274.2463,silver,2024-07-18
CUST-000597,James George,jjohnson@example.com,922.410.5316x11776,bronze,2026-03-19
CUST-000746,Nancy Taylor,castroralph@example.net,328.732.3089x81388,platinum,2025-03-20
CUST-000661,Melissa Mendoza,newmanangela@example.org,8332228556,,2025-03-04
CUST-000646,Charlene Higgins,padillajames@example.net,506-933-0165,,2026-02-04
CUST-000918,Christina Morrison,sheliacohen@example.net,+1-265-443-0895x2312,platinum,2024-01-03
CUST-000958,Alex Smith,bryan79@example.net,+1-374-574-8599x464,,2026-01-18
CUST-000203,Johnny Peterson,oacosta@example.org,975-470-5120x4618,,2024-03-21
CUST-000733,Nicole Vazquez,hsmith@example.com,001-229-313-2033,gold,2025-09-11
CUST-000228,Donna Jackson,leescott@example.com,490-882-7718x1298,silver,2024-11-18
CUST-000736,Randy Kennedy,keithdonald@example.com,001-481-997-5437x34764,bronze,2024-04-21
CUST-000842,Traci Lee,duncankimberly@example.com,690.262.3546x62265,gold,2023-12-20
CUST-000125,Casey Johnson,annalopez@example.com,5394308705,silver,2024-08-31
CUST-000144,Elizabeth French,destiny35@example.org,554-394-7170x99917,platinum,2026-03-30
CUST-000105,Pamela Williams,ashleewashington@example.com,+1-670-312-7706x3242,,2025-08-09
CUST-000474,Chad Murray,hailey64@example.net,(552)996-7188,platinum,2025-08-17
CUST-000097,Christine Goodwin,shannonjordan@example.org,391-682-5537,platinum,2025-08-27
CUST-000256,Joseph Graham,noahthornton@example.com,676-658-0185x6945,,2026-01-18
CUST-000564,Michael Wilcox,fletcherjeffrey@example.net,001-769-758-6780,bronze,2024-08-08
CUST-000570,Jorge Lee,paulnicole@example.net,(675)332-7352,bronze,2026-04-29
CUST-000724,Rachel Kelly,edixon@example.net,352-363-8409,silver,2024-02-17
CUST-000415,Rachel Martinez,opetty@example.com,449.771.8594x84910,silver,2026-06-25
CUST-000032,Jose Reed,alawson@example.com,249-278-4036,bronze,2024-04-03
CUST-000179,Christopher Mullen,macdonalddylan@example.org,+1-890-441-3797x723,gold,2026-01-10
CUST-000267,David Perkins,xjackson@example.net,(219)462-0710,gold,2026-06-03
CUST-000307,Justin Graham,anthonyrobles@example.com,+1-203-224-2044x8207,silver,2026-03-22
CUST-000051,Phillip Berry,jacobserika@example.com,656.654.3102x78681,platinum,2025-10-02
CUST-000526,John Davis,elizabeth76@example.net,946-775-3612,,2025-08-16
CUST-000406,Charles Robinson,barbararamos@example.com,001-930-459-1266x2015,gold,2026-06-23
CUST-000365,William Cox,lindsay63@example.com,750-281-2473,,2026-07-26
CUST-000825,Dr. John Duncan,jmoses@example.org,632.356.2389,,2026-08-18
CUST-000094,Miss Jennifer Goodwin,gabriel90@example.net,(810)914-3888x99375,,2025-12-16
CUST-000152,Nicholas Watson,markkline@example.net,421-366-7467x62120,gold,2024-11-21
CUST-001000,Daniel Gray,gmoody@example.net,5089844740,,2026-02-07
CUST-000962,Timothy West,tranrobert_at_example.org,(700)503-0566x199,silver,2023-09-11
CUST-000042,Laura Alexander,tammy73@example.com,001-346-388-6239x24075,bronze,2024-07-01
CUST-000618,Erin Hudson,dorothycollins@example.net,362.889.5090x59119,silver,2025-10-31
CUST-000794,Barbara Vargas,gregory69@example.net,780.892.7045x2388,platinum,2024-02-18
CUST-000926,Michael Gutierrez,rachel85@example.org,879-322-0300x44964,,2024-02-02
CUST-000093,Kyle Aguilar,jennifermccormick@example.org,+1-386-580-5891,,2025-08-13
CUST-000817,Yolanda Watson,cindy57@example.net,(223)347-1247x60108,silver,2026-01-12
CUST-000272,Andrew Carroll,crystalcantrell@example.org,421-577-6253x492,silver,2023-11-26
CUST-000475,Edward Miller,marc73@example.org,+1-533-911-7030,gold,2026-02-05
CUST-000316,Johnny Anderson,jamesatkins@example.com,293.643.6262,silver,2026-07-27
CUST-000463,Renee Gray,kennethnichols@example.org,304-412-0911x791,,2024-06-28
CUST-000213,Tyrone West,nicholaspierce@example.net,(700)249-0824x0433,silver,2025-12-15
CUST-000367,Joseph Lloyd,stephen55@example.net,+1-861-512-2338x655,silver,2026-05-28
CUST-000549,Ruben Cruz,rgallegos@example.org,+1-693-365-4358,,2025-03-08
CUST-000124,Dr. Ariel Sandoval MD,xmoreno@example.net,001-203-796-5223x9559,silver,2026-06-26
CUST-000417,William Lindsey,erikabarnes@example.com,544.368.3414x65111,silver,2024-02-20
CUST-000322,Stacy Johnson,robertjones@example.com,+1-216-759-1520x17774,gold,2026-07-20
CUST-000478,Jeremy Wood,edwardshaw@example.net,6669343629,silver,2025-03-13
CUST-000461,Todd Myers,zpoole@example.net,001-826-658-2631x2819,gold,2026-02-25
CUST-000169,Matthew Wells,catherine47@example.com,+1-232-468-4245,,2024-01-05
CUST-000109,Todd Johnson,angelagreene@example.net,+1-543-989-8364x03761,gold,2025-07-22
CUST-000933,Jeremy Gross,halljeffrey@example.com,767-750-7627,gold,2024-05-22
CUST-000112,Brandon Hamilton,collinssamuel@example.org,799.604.2102x027,gold,2024-02-22
CUST-000599,Nicholas Turner,olivia13@example.org,001-279-888-9425x652,platinum,2025-07-15
CUST-000140,Christopher Armstrong,kaitlyn14@example.org,933.434.6800,silver,2025-08-01
CUST-000208,Morgan Andrade,amber70@example.net,+1-459-635-1863x878,silver,2024-08-11
CUST-000887,Joseph Cook,hamiltonkendra@example.net,+1-819-259-7721,gold,2025-10-08
CUST-000240,Brandi Hardy,kimberly21@example.net,368.610.4091x570,,2023-09-17
CUST-000872,Whitney Macdonald DVM,jlee@example.org,738.242.5364x62805,silver,2024-12-23
CUST-000464,Christine Garcia,christophersnyder@example.com,9614713665,gold,2024-03-07
CUST-000326,Miss Elizabeth Wright,solomontim@example.org,(649)708-1081x86617,silver,2024-05-29
CUST-000931,Amy Baker,lucasteresa@example.com,2434502385,,2024-02-17
CUST-000749,Brian Rocha,ballvanessa@example.com,+1-944-342-1829x9874,bronze,2024-02-04
CUST-000403,Courtney Foster,kelsey28@example.net,+1-675-424-3772,,2025-11-19
CUST-000323,Rebecca Anderson,unguyen@example.net,8456018961,gold,2024-03-05
CUST-000268,Devin Cole,robert72@example.org,629.709.2791,bronze,2024-11-24
CUST-000796,Kevin Oconnell,tonya48@example.net,294-228-2491x16502,bronze,2023-10-09
CUST-000243,Melissa Jensen,janetvance@example.net,953-981-7921x7174,bronze,2024-05-03
CUST-000134,Cynthia Evans,rsheppard@example.com,(508)498-9921x7223,bronze,2023-10-09
CUST-000679,Rhonda Gould,michelle97@example.org,912-722-9907,silver,2026-01-09
CUST-000446,Douglas Weaver,millercarrie@example.com,539-604-3830,,2023-11-25
CUST-000064,Courtney Dudley,chelsea33@example.com,843-875-7584x4198,gold,2026-02-05
CUST-000582,Samantha Lee,schaeferscott@example.net,333-648-4587,silver,2026-06-04
CUST-000607,Zachary Morrison,oblake@example.net,+1-753-876-6014x448,,2025-08-23
CUST-000077,Gregory Schneider,conniesimmons@example.com,(685)466-2462x8733,gold,2026-01-22
CUST-000404,Zachary Mccarthy,georgekyle@example.net,837.646.0523x3027,gold,2026-08-05
CUST-000653,Melinda Patterson,fryecrystal@example.com,992-384-5525,bronze,2023-09-12
CUST-000137,Patrick Mccall,vwilliams@example.net,(705)644-4713x247,bronze,2025-10-30
CUST-000518,Sean Sellers,kjohnson@example.org,(252)368-3415x59991,platinum,2025-11-09
CUST-000098,Lisa Matthews,orose@example.com,(557)692-4991x251,gold,2023-12-30
CUST-000595,Michael Farmer,gregorysmith@example.net,4934459626,,2026-06-14
CUST-000087,Todd Reynolds,kristen77@example.org,+1-796-719-4311x42626,platinum,2023-12-18
CUST-000470,Emily Flores,berrydebbie@example.net,907.470.4611,silver,2025-06-12
CUST-000818,Kristen Garcia,williamsanthony@example.net,(941)372-6808x0815,gold,2024-02-02
CUST-000718,Michelle Butler,johnmunoz@example.com,001-705-659-5501x78332,,2025-03-27
CUST-000423,Cristian Mendoza,vfisher@example.org,+1-341-267-8725x68621,platinum,2024-01-09
CUST-000533,Jodi Lane,xluna@example.net,7634757914,silver,2026-01-26
CUST-000238,Andre Terrell,lauren51@example.org,+1-882-399-6291x4504,,2025-02-18
CUST-000045,Lisa Brown,kevinwilliams@example.com,598.808.9324x6095,,2024-03-16
CUST-000096,Megan Martin,patrickdarin@example.com,001-438-828-2586x7362,bronze,2024-10-30
CUST-000287,John Watts,qmartinez@example.com,901.847.1959,,2026-03-31
CUST-000729,Ryan Pierce,brandimiller@example.org,+1-818-298-4841,platinum,2024-07-30
CUST-000146,Jeffrey Jordan,barbaramoore@example.org,(576)500-8350x58300,platinum,2025-09-21
CUST-000959,Kelly Soto,daniel73@example.com,269.688.1649,platinum,2024-07-06
CUST-000504,Brandon Smith,michael56@example.org,(789)700-3010x27240,platinum,2025-06-13
CUST-000934,Todd Thompson,thompsondarlene@example.org,698.447.2303,gold,2023-10-14
CUST-000244,Jenna Lyons,douglashuang@example.com,+1-755-477-0171x57724,gold,2025-03-02
CUST-000543,Eric Davis,gonzalezmichael@example.org,(648)209-4047x604,platinum,2026-07-22
CUST-000309,Taylor Robinson,mark96@example.net,923-747-6490,gold,2025-09-28
CUST-000107,Brandon Shaffer,ebenson@example.org,255-442-6221,bronze,2024-12-17
CUST-000315,Jeffrey Green,josechristian@example.org,952-391-0867,platinum,2024-04-25
CUST-000745,Jill Stewart,stephaniecoleman@example.net,+1-430-236-4687x191,bronze,2024-05-01
CUST-000756,Desiree Swanson,john88@example.org,(579)505-0404,gold,2026-05-23
CUST-000386,Christopher Gill,xgregory@example.net,001-257-515-0997x683,platinum,2023-09-16
CUST-000903,Joshua Davis,samantha21@example.org,+1-945-623-5426,platinum,2024-06-11
CUST-000002,Spencer Haynes,hunter35@example.com,980-983-1367x837,bronze,2026-01-08
CUST-000875,Cassandra Schultz,janet76@example.org,(795)735-4120x1227,platinum,2026-04-04
CUST-000010,Jason Morris,fwalters@example.org,925-367-4680,silver,2024-08-02
CUST-000711,Jeffrey Young,zreilly@example.net,392.352.9596,silver,2023-11-21
CUST-000652,Lawrence Porter,maria84@example.org,(927)505-1157x94238,bronze,2024-11-21
CUST-000355,William Coffey,james94@example.net,6479930361,gold,2024-02-26
CUST-000555,Monica Coleman,ricardomurphy@example.com,(781)257-9039x2355,silver,2025-06-22
CUST-000239,Eric Rodriguez,nathangallegos@example.com,5317780782,platinum,2026-05-31
CUST-000025,Alexis Baker,andersonmichael@example.org,(368)911-7758,gold,2025-02-25
CUST-000420,Shannon Roberts,morganerika@example.net,944.230.9634x8079,,2024-09-16
CUST-000007,Kirk Carter,andreamoore@example.com,844.371.3493,gold,2025-04-11
CUST-000155,Mason Powell,john40@example.net,717.379.7177,platinum,2026-08-01
CUST-000252,John Harmon,steven18@example.net,+1-718-894-9058x07787,,2024-09-13
CUST-000779,Jennifer Ferguson,youngjamie@example.com,(377)982-2102,bronze,2026-04-29
CUST-000974,Laura Tyler,vgreen@example.org,001-501-708-9857x390,bronze,2024-02-19
CUST-000879,Peter Sanchez,nicole92@example.net,(295)220-5610x067,,2024-11-01
CUST-000201,Justin Foster,laurakelley@example.org,(666)634-1638,bronze,2025-08-03
CUST-000506,Katelyn Miller,brownrachel@example.net,(283)548-3152,,2025-09-26
CUST-000606,Kimberly Bishop,chall@example.com,(815)440-6417,,2026-04-09
CUST-000798,Kevin Carney,kevin88@example.net,427.736.7746x2025,silver,2024-07-04
CUST-000476,Kayla Edwards,tonypeterson@example.net,872-581-2356x7983,bronze,2023-11-07
CUST-000249,Jeffrey Clark,tgarrett@example.com,(672)438-6562,gold,2024-01-18
CUST-000638,Eugene Sanchez,danielleandrews@example.org,001-227-759-9801x1100,platinum,2026-03-14
CUST-000758,Daniel Sullivan,johndavis@example.net,830-260-1198x75617,silver,2023-09-04
CUST-000312,Thomas Garcia,vhouse@example.net,(948)215-6985,gold,2025-12-05
CUST-000578,Marilyn Sanchez,johnrobles@example.org,001-672-209-4841x312,silver,2024-04-07
CUST-000299,Scott Payne,qhenry@example.net,001-606-416-7567x70028,silver,2025-02-12
CUST-000206,Henry Moore,parksmatthew@example.net,+1-512-273-5857,bronze,2025-09-16
CUST-000378,Danielle Murphy,rittersean@example.com,001-777-679-0147,silver,2024-10-25
CUST-000009,Brandon Hayden,prestonjessica@example.net,001-990-649-0278,gold,2024-03-09
CUST-000468,Tina King,nathaniel17@example.org,(349)585-6012x56253,platinum,2025-08-12
CUST-000833,James Horton,aaronponce@example.org,990.362.4672,silver,2024-12-01
CUST-000913,Erica Smith,jermaine84@example.org,+1-813-362-6084x63975,platinum,2024-08-01
CUST-000336,Brittany Cox,jean87@example.net,(613)476-0375,bronze,2023-11-25
CUST-000319,Evan Moreno,geoffrey75@example.com,(841)650-2745,,2026-05-08
CUST-000793,Holly Mercado,maria31@example.org,(678)313-6750x09421,,2023-10-01
CUST-000290,Richard Jenkins,madeline02@example.net,(313)828-3389,,2025-01-09
CUST-000477,Bridget Walter,tmartin@example.net,001-313-307-2407x8754,,2024-09-15
CUST-000071,Pamela Becker,ztodd@example.net,+1-518-478-5191x088,gold,2024-02-20
CUST-000411,Elaine Ferguson,wrightbrandon@example.net,(597)358-5988,gold,2025-08-18
CUST-000840,Kerry Murphy,robertfletcher@example.org,+1-606-470-0099x424,bronze,2023-10-14
CUST-000529,Harold Miranda,langchristopher@example.net,808-535-8328,gold,2024-07-06
CUST-000229,Stephanie Khan,djohnson@example.net,345-821-1175,silver,2025-10-27
CUST-000835,Ronald Johnson,manuel81@example.com,(354)847-2419,,2024-08-06
CUST-000054,Michael Cooper,martinezlogan@example.org,001-789-522-6801x82422,platinum,2024-09-05
CUST-000690,Wendy Williams,david21@example.com,541-288-4216,gold,2026-04-25
CUST-000515,Lisa Hopkins,hryan@example.net,375.543.9435x35375,bronze,2024-12-23
CUST-000900,Douglas Miller,erivers@example.com,845-408-0959x48152,platinum,2024-08-11
CUST-000382,Michael Smith,kellynichols@example.com,327-852-3083x708,platinum,2025-09-17
CUST-000586,Brian Bowman,mwright@example.net,485-674-1721x562,platinum,2025-05-13
CUST-000080,Ryan Rocha,zowens@example.net,(856)609-3204x899,gold,2024-02-06
CUST-000278,Meghan Patel,hmason@example.com,379-451-3711x6241,,2024-06-21
CUST-000328,James Smith,monica16@example.net,+1-477-469-7499x5641,bronze,2023-09-08
CUST-000738,Tammy Weeks,johnny38@example.net,+1-578-402-0586x9507,,2023-12-20
CUST-000427,Anthony Garner,dwright@example.org,947.749.1624,gold,2024-08-24
CUST-000255,Jennifer Reyes,caitlinunderwood@example.com,+1-672-939-5041x02767,gold,2025-11-18
CUST-000330,Lauren Harris,emaynard@example.org,001-660-250-1667,silver,2025-02-07
CUST-000230,Krystal Keller,nicholasjames@example.org,(622)420-6447,bronze,2023-12-30
CUST-000430,Tiffany Gibbs,bartlettcarlos@example.com,(894)924-0903,,2025-09-11
CUST-000672,Kimberly Stone DDS,amiller@example.org,882-535-7155x868,platinum,2025-05-16
CUST-000846,Karen Perez,harrisjohn@example.net,(496)680-7852x548,platinum,2024-01-11
CUST-000732,Roger Carter,brianclark_at_example.net,(369)869-4439,gold,2024-05-29
CUST-000823,Lynn Adams,hooveranna@example.net,2536152049,,2025-08-01
CUST-000567,Victoria Werner,duncangregory@example.org,+1-365-736-9455,bronze,2025-02-24
CUST-000037,Sean Wyatt,xjohnson@example.com,+1-998-467-9807x935,bronze,2026-07-07
CUST-000184,Dr. Kenneth Schroeder,jwhite_at_example.net,(221)437-2138x6589,gold,2024-10-23
CUST-000154,Melissa Montgomery,tiffanysantiago@example.com,(437)356-2890x02877,platinum,2025-11-23
CUST-000393,Megan Terry,johnjohnson@example.com,+1-324-897-2439x9201,gold,2024-11-01
CUST-000373,Crystal Cummings,kennedywilliam@example.org,373.789.8775,silver,2026-03-07
CUST-000484,Stephanie Cole,rfowler@example.net,724.355.6964x43098,gold,2024-12-10
CUST-000048,Paul Lee,ihays@example.com,(905)941-5667x652,bronze,2024-09-29
CUST-000914,Benjamin Thompson,krystal05@example.com,+1-215-316-4119x5564,bronze,2025-05-15
CUST-000899,Debra Rivera,mitchell76@example.net,669.845.3536x597,silver,2024-10-20
CUST-000046,Rachel Romero,millsmichael@example.net,3677065405,platinum,2024-05-14
CUST-000003,Kevin Kennedy,phillipsrichard@example.org,356.485.5744x43135,gold,2024-03-20
CUST-000868,Keith Gonzalez,manningjeremy@example.com,6713695007,,2026-04-10
CUST-000902,Elizabeth Stewart,johnmerritt@example.com,330-979-6373x1008,platinum,2026-06-18
CUST-000234,Erin Gutierrez,carterdennis@example.net,639.801.9817,silver,2025-06-20
CUST-000986,Laura Williams,brittanybauer@example.org,964.690.9228x8498,silver,2026-04-03
CUST-000741,Kevin Martinez,jefferydavis@example.com,597-231-5391x149,platinum,2025-01-26
CUST-000691,Diane Allen,smithmatthew@example.net,299.794.8532,bronze,2025-12-05
CUST-000588,Jessica Shaffer,jonathan02@example.org,7809850960,platinum,2024-06-28
CUST-000106,Molly Fischer,christopher20@example.com,(711)303-7129x38700,silver,2026-08-10
CUST-000792,Carmen Gonzalez,housedaniel@example.com,001-759-634-0153x641,,2025-01-01
CUST-000262,Eric Brown,imartinez@example.com,+1-515-685-1743x2806,,2025-09-23
CUST-000162,Richard Jennings,heather06@example.com,+1-500-543-9735,gold,2024-07-11
CUST-000377,William Anderson,jacksonmichele@example.com,(571)963-2346x72994,bronze,2024-06-20
CUST-000885,Stacey Thomas,robertbrock@example.org,(958)321-4770x920,bronze,2023-12-01
CUST-000581,Jeremiah Rowland,matthewbyrd@example.net,(370)858-7722,platinum,2025-08-29
CUST-000991,Daniel Nelson,tnorris@example.com,001-938-210-9794x12248,,2025-05-28
CUST-000907,Gregory Fletcher,rebekahgonzalez@example.org,562.509.2973x52595,platinum,2024-02-02
CUST-000369,Kelly Webb,victor72@example.com,574.696.9033x3736,gold,2024-12-01
CUST-000936,David Rodriguez,smay@example.com,+1-424-706-5838x727,bronze,2025-02-27
CUST-000467,Pamela Collins,gerald46@example.org,376.876.9459,bronze,2024-12-06
CUST-000893,Colleen Raymond,valenciaerik@example.net,4434841966,platinum,2025-05-06
CUST-000079,Autumn Key,kevin03@example.org,639.636.3854x6785,platinum,2024-09-20
CUST-000643,Don Carney,jackiebaker@example.com,+1-971-858-0290x90463,silver,2024-10-22
CUST-000591,Christine White,patricia92@example.org,7895028515,silver,2025-08-13
CUST-000953,Juan Sanford,dthompson@example.org,401-332-8233,gold,2025-08-29
CUST-000270,Patrick Buckley,nking@example.com,(720)878-1137,,2024-03-28
CUST-000066,John Maldonado,danawilliams@example.com,(708)626-7734,gold,2025-07-31
CUST-000537,Tiffany Watson,donaldmills@example.org,+1-847-473-5228x705,silver,2024-02-04
CUST-000279,Alison Butler,tylergolden@example.net,+1-782-875-6704x31038,platinum,2025-05-18
CUST-000440,Nicholas Thomas,hbriggs@example.net,822-865-5767x69523,gold,2025-04-16
CUST-000827,Michael Gilbert,cody81@example.org,298.397.2117x08894,silver,2026-07-21
CUST-000344,Joseph Wilson,xrodriguez@example.net,554-447-0229x6044,bronze,2026-02-05
CUST-000031,Nathan Frank,nicholaschavez@example.org,001-691-902-2901,gold,2025-08-17
CUST-000790,Wayne Jackson,jennifer72@example.com,001-333-858-9513,,2024-10-01
CUST-000121,Matthew Lamb,samantha10@example.org,851-907-0296,silver,2023-09-25
CUST-000751,Jason Salinas,alyssa66@example.net,235.850.5429x60807,gold,2024-04-07
CUST-000276,Rachel Miller,helen98@example.net,308-550-1657x90552,platinum,2024-01-22
CUST-000800,Christopher Robbins,mcclureapril@example.com,750.982.7681x722,silver,2025-01-13
CUST-000768,Brian Smith,beth93@example.org,249.893.2312x34266,gold,2025-07-05
CUST-000130,Christopher Bennett,phillipslucas@example.org,001-418-215-9970x6296,silver,2023-12-12
CUST-000381,Breanna Santiago,qjohnson@example.org,477.211.8372x742,gold,2025-06-18
CUST-000171,Danielle Gonzalez,enewman@example.com,001-375-552-3149,platinum,2024-08-05
CUST-000266,Bryan Sutton,vrogers@example.net,+1-325-630-9251,bronze,2024-01-25
CUST-000739,Laurie Fuller,jennifer64@example.net,+1-799-995-1679x33505,gold,2025-12-02
CUST-000843,Timothy Coleman,cassandra53@example.org,(912)624-2767,,2024-11-05
CUST-000802,Arthur Mcdaniel,jenniferhorne@example.net,473.499.2052,silver,2025-05-16
CUST-000530,Danielle Smith,reneerivera@example.org,6812867024,platinum,2024-05-01
CUST-000536,Kelly Taylor,williamsroger@example.org,+1-766-704-1644,gold,2025-05-02
CUST-000356,Casey Chapman,donnaknight@example.net,001-912-249-3843x0894,silver,2026-06-15
CUST-000509,Debbie Horne,ucoleman@example.net,832.204.4138x459,bronze,2025-06-28
CUST-000168,Alan Nunez,ohughes@example.com,+1-309-619-0158,,2026-01-01
CUST-000012,Michelle Collins,omartinez@example.net,9866131712,platinum,2025-03-03
CUST-000948,Patricia Wilson,slittle@example.com,(223)642-1926x22132,gold,2025-09-17
CUST-000141,Michelle Hill,walkercharlene@example.com,(757)643-7489x6910,bronze,2024-07-15
CUST-000725,Nicole Bell MD,ethan83@example.com,(961)986-3239x7913,silver,2024-10-21
CUST-000985,John Lewis,johnsonelizabeth@example.net,927-363-6281x444,silver,2025-03-25
CUST-000123,Rachael Howard DDS,crystalpham@example.org,659.285.6420x5930,,2026-01-25
CUST-000180,Grace Chavez,cindydixon@example.org,001-813-466-2103,platinum,2025-06-17
CUST-000759,Felicia Perry,jasonjohnson@example.org,+1-929-680-3657,gold,2025-10-30
CUST-000674,David Tapia,phillipsjamie@example.net,(956)209-4565x34699,,2025-09-05
CUST-000760,Melanie Myers,hornerebecca_at_example.org,+1-352-601-4911x894,silver,2024-04-27
CUST-000683,Christopher Tran,jacobwells@example.com,+1-581-822-8217x8192,silver,2026-02-28
CUST-000317,Maria Miller,christinesolomon@example.com,225.763.6694x1180,gold,2026-06-08
CUST-000057,Haley Ross PhD,larryhiggins@example.net,881.853.7147x32104,platinum,2024-05-21
CUST-000624,Leslie Abbott,qcochran@example.net,558-699-8868,platinum,2024-08-08
CUST-000627,Kelly Thompson,colongabrielle@example.com,(203)217-2351x373,bronze,2026-05-29
CUST-000465,Amanda Daugherty,bergerdonna@example.net,(279)298-0284x139,bronze,2025-03-13
CUST-000119,Robert Torres,shannonford@example.org,001-690-635-2135x680,,2026-02-06
CUST-000445,Jennifer Brown,boydtiffany@example.org,(828)591-7756x6205,,2024-06-14
CUST-000089,Kristin Haney,carterpaul@example.org,698.926.2244,gold,2024-01-30
CUST-000251,Dr. Michael Adams DVM,jacobjacobs@example.net,001-950-309-7519,,2024-01-26
CUST-000060,Gina Mcmillan,andersoncolin_at_example.com,001-923-498-6800x02578,platinum,2025-06-17
CUST-000245,Matthew Sparks,yroth@example.org,+1-476-996-3938,,2024-10-17
CUST-000867,Tiffany Davis,hartmansherry@example.net,001-450-892-7115,silver,2023-11-20
CUST-000748,Adam Johnson,steven45@example.org,+1-700-215-2911x37178,bronze,2026-01-02
CUST-000448,Michael Miller,cwoods@example.com,+1-713-632-2889x8572,,2024-09-21
CUST-000716,Jessica Martinez,kaylee59@example.org,+1-289-243-7052x6351,platinum,2026-03-02
CUST-000938,Jose Young,millerbrandon@example.net,(486)790-1707x403,gold,2023-12-15
CUST-000068,Kimberly Snyder DVM,hebertmatthew@example.com,574.431.5274x20549,silver,2025-06-22
CUST-000659,Erica Avila,nthompson@example.org,3804271122,gold,2026-06-18
CUST-000698,Joshua Mcmahon,armstrongkrista@example.net,(430)339-1114,gold,2025-12-24
CUST-000666,Elizabeth James,harveymercedes@example.com,001-321-605-3365,,2024-11-23
CUST-000855,Michael Cruz,smithjerry@example.org,(661)500-8987x61081,gold,2024-10-05
CUST-000971,Shane Jones,walkerdavid@example.org,438.392.6087,gold,2024-09-13
CUST-000650,Christopher Vazquez,vedwards@example.org,(777)856-7772x26602,bronze,2026-08-11
CUST-000601,Katherine Dunn,matthew24@example.com,+1-315-384-1560x82137,gold,2025-04-17
CUST-000401,Connie Scott,martinsarah@example.com,812.887.1539x9156,bronze,2026-01-25
CUST-000335,Anthony Shah,paula89@example.net,511.799.1808x121,,2024-02-11
CUST-000944,Joel Cortez,katherine96@example.org,(362)794-2066,platinum,2025-08-19
CUST-000160,Tammy Anderson,jamesweber@example.com,001-628-885-1587x996,platinum,2026-01-25
CUST-000828,Peter Hayes,tshannon@example.net,(288)239-7857x082,gold,2024-06-03
CUST-000209,Beverly Russo,daniel81@example.org,617.231.0967,gold,2024-09-28
CUST-000524,Danielle Willis,james80@example.net,434.572.7274,,2025-07-19
CUST-000081,Terri Morgan,jerry93@example.com,001-277-372-5228x72808,gold,2026-06-23
CUST-000318,Linda Goodman,modonnell@example.net,4042896465,platinum,2025-05-20
CUST-000086,Patrick Gibbs,irhodes@example.com,001-818-750-1631x599,,2023-09-25
CUST-000285,Robert Waller,afigueroa@example.com,(862)399-1234x78519,gold,2023-08-31
CUST-000157,Ronald Brandt,davisdonna@example.org,588-551-0272x6149,,2024-01-03
CUST-000631,Michael Jones,perezmarissa@example.org,(295)472-7908x33509,bronze,2024-08-31
CUST-000551,John Lopez,matthew12@example.com,5796799667,silver,2025-10-24
CUST-000550,Kelly Welch,jonathanmcdonald@example.org,227.495.5969x0515,,2024-11-27
CUST-000656,Rachel Frye,murphymallory@example.com,659.583.3991x4038,bronze,2026-01-05
CUST-000085,Stephanie Elliott,enelson@example.net,6254039261,platinum,2025-05-02
CUST-000412,Cindy Anderson,youngjacob@example.com,+1-639-654-2961,bronze,2024-10-15
CUST-000719,Nathan Payne,ryandodson@example.org,+1-970-845-0691,,2026-06-06
CUST-000434,Connie Adams,molly98@example.org,001-362-973-6527,,2024-03-09
CUST-000426,Sean James,sarahsimmons@example.net,743.635.6708x60414,bronze,2026-06-21
CUST-000786,Amy Burton,xhill_at_example.org,979.487.6829x968,gold,2026-02-25
CUST-000514,Priscilla Romero,rodriguezjason@example.com,001-353-569-0261,,2025-05-04
CUST-000730,Breanna Davis,vdavis_at_example.com,001-301-670-7568,,2024-02-13
CUST-000644,Rachel Russell,heidi55@example.net,325-248-3744x17158,bronze,2026-01-27
CUST-000294,Paul Smith,ricejennifer@example.com,001-813-587-5927x1256,silver,2025-03-09
CUST-000519,Donna Woods,stephanie67@example.net,(729)981-2099,silver,2024-10-12
CUST-000408,Bryan Miller,phill@example.com,983.809.9974x1926,silver,2024-07-15
CUST-000809,Kayla Brown,turnertimothy@example.net,309.367.1397,silver,2024-01-29
CUST-000062,Lori Carlson,whitneybrandy@example.net,599-230-9728x962,bronze,2025-05-11
CUST-000945,Nathaniel Walker,lucasandrea@example.org,+1-300-449-8321,bronze,2026-03-12
CUST-000041,Patricia Lamb,carlamoore@example.org,(970)565-3794,silver,2025-03-30
CUST-000221,William Romero,michelle04_at_example.net,001-215-279-8123x878,gold,2024-05-20
CUST-000269,Shari Hatfield,jamesdowns@example.org,237.734.0312x77220,platinum,2024-07-01
CUST-000015,Alexis Thomas,molly71@example.net,+1-921-274-5961x5865,silver,2025-06-30
CUST-000070,Bryan Parker,greenmichael@example.org,(784)814-5933x2727,platinum,2025-09-30
CUST-000602,William Miller,david54@example.com,226.783.2303x58929,silver,2025-04-05
CUST-000018,Ryan Gonzalez,vanessa46@example.net,(271)236-9594x4064,bronze,2026-05-17
CUST-000075,Christopher Lopez,opatel@example.org,001-210-569-0331x1907,,2025-11-11
CUST-000789,Sandra Walker,francesstevenson@example.com,789.415.6241,platinum,2025-03-29
CUST-000483,Alicia Irwin,rrodriguez@example.net,525.370.3965,platinum,2024-03-23
CUST-000782,Erin Moore,hopkinsgeorge@example.org,(450)358-7146x9218,silver,2026-08-02
CUST-000177,Mr. Larry Shaw,zacharygomez@example.com,(472)431-8432,bronze,2024-09-23
CUST-000700,David Bowman,steven72@example.net,001-901-762-0478x76886,gold,2026-01-01
CUST-000560,Linda Howard,usmith@example.com,4869321812,silver,2024-12-08
CUST-000375,Troy Rivera,bradleyantonio@example.org,+1-399-796-6361x8637,,2025-05-08
CUST-000431,Jeanette Lawson,martinkaren@example.com,920.629.3908,silver,2024-07-21
CUST-000583,James Jackson,ashleymoore_at_example.org,(592)658-7964,gold,2025-01-21
CUST-000860,Kelsey Fernandez,mmoore@example.com,+1-388-791-7879,gold,2023-09-26
CUST-000882,Michaela Hernandez,brandiburton@example.net,845.211.0090,platinum,2024-09-17
CUST-000397,Rachel Williams,smithjoseph@example.org,780.869.8477,bronze,2024-08-26
CUST-000136,Kristine Garcia,ashleyaguilar@example.org,885-464-6799x7024,platinum,2025-06-30
CUST-000325,Peter Shepherd,kalvarez@example.net,+1-326-661-0857x327,platinum,2025-01-17
CUST-000957,Pamela Rojas,carrielambert@example.net,(899)807-4729,gold,2025-05-31
CUST-000370,Brandy Miller,xduncan@example.com,985.839.0789x567,gold,2024-11-13
CUST-000013,Charles Lee,robert77@example.org,+1-982-414-6584x044,platinum,2024-12-24
CUST-000911,Dr. Brenda Martin,dustinpetty@example.org,001-480-419-4425x892,gold,2025-11-05
CUST-000541,Erin Mason,taylorlindsay@example.com,738-366-6754,,2026-04-17
CUST-000073,Benjamin Henderson,ascott@example.net,001-718-801-7046x226,gold,2024-12-27
CUST-000609,Autumn Gallagher,garzalaura@example.org,(899)866-0577x980,,2025-08-25
CUST-000654,Shane Edwards,robert35@example.net,548.559.5325x9399,bronze,2025-02-09
CUST-000512,Vanessa Smith DVM,tranjeremy@example.net,(380)593-5118x718,bronze,2024-04-03
CUST-000247,Patricia Gray,gjones@example.net,901.532.9022x7846,platinum,2024-04-05
CUST-000116,Kevin Snyder,anne49@example.org,001-838-632-0603x85050,bronze,2023-12-15
CUST-000396,Thomas Rodriguez,lisalee@example.com,+1-921-941-6141x5093,gold,2025-08-29
CUST-000507,Debra Chapman,bbenton@example.com,510-849-6706x6703,,2024-03-12
CUST-000246,Gloria Benson,jared96@example.com,(319)971-9975,,2024-03-03
CUST-000978,Lisa Odom,karen81_at_example.org,+1-414-359-0099,gold,2024-12-23
CUST-000813,Wendy Bell,larsenbrittany@example.net,(910)339-9529x7013,platinum,2024-01-26
CUST-000920,Ann Velasquez,ashley97@example.com,(956)504-5006x3553,silver,2023-10-04
CUST-000803,Rebecca Sandoval,joycekeith@example.org,001-714-738-8232,platinum,2025-10-01
CUST-000056,Kathleen Burton,debra96@example.net,947-536-4710x2767,platinum,2024-08-30
CUST-000662,Kevin Clark,travis68@example.org,001-870-551-9582,gold,2024-02-06
CUST-000303,Jonathan Hubbard,rgarcia@example.org,629-845-6371x83440,platinum,2026-01-21
CUST-000402,Patrick Pineda,jonathoncarter@example.org,001-519-852-5690x4098,platinum,2026-07-31
CUST-000766,Jocelyn Benson,christina10@example.org,+1-908-659-9144x920,silver,2025-05-23
CUST-000194,Tyler Hernandez,angelachase@example.org,6266728857,,2025-04-30
CUST-000522,Chloe Freeman,anthonyorr@example.net,9536496782,silver,2026-05-25
CUST-000622,Robin Wallace,patriciamccarthy@example.org,+1-308-914-4152x982,,2024-03-22
CUST-000531,Bonnie Yang,arthurbrady@example.com,811-518-6008x921,gold,2026-02-19
CUST-000211,David Cruz,blackburnsusan@example.org,783.992.8861,platinum,2025-10-01
